network,domain,site_code,ws_area_ha,cc_mean_annual_precip,cc_mean_annual_temp,vd_mean_sos,vd_mean_eos,vd_mean_los,va_mean_annual_gpp,va_mean_annual_npp,te_slope_mean,te_elev_mean,te_elev_min,te_elev_max,te_aspect_mean,hd_bfi_mean,vg_nlcd_water,vg_nlcd_ice_snow,vg_nlcd_dev_open,vg_nlcd_dev_low,vg_nlcd_dev_med,vg_nlcd_dev_hi,vg_nlcd_barren,vg_nlcd_forest_dec,vg_nlcd_forest_evr,vg_nlcd_forest_mix,vg_nlcd_shrub_dwr,vg_nlcd_shrub,vg_nlcd_grass,vg_nlcd_sedge,vg_lncd_lichens,vg_nlcd_moss,vg_nlcd_pasture,vg_nlcd_crop,vg_nlcd_wetland_wood,vg_nlcd_wetland_herb,pf_soil_org,pf_soil_sand,pf_soil_silt,pf_soil_clay,pf_soil_ph,pi_soil_thickness,ci_mean_annual_et,pd_geo_Al2O3_mean,pd_geo_CaO_mean,pd_geo_CompressStrength_mean,pd_geo_Fe2O3_mean,pd_geo_HydaulicCond_mean,pd_geo_K2O_mean,pd_geo_MgO_mean,pd_geo_N_mean,pd_geo_Na2O_mean,pd_geo_P2O5_mean,pd_geo_S_mean,pd_geo_SiO2_mean
lter,hbef,w1,14.08973977,1283.984049,5.70741603,113.1764706,301.4411765,192.96875,13460.47939,7820.823656,17.10234226,619.053104,486.2210693,736.4707031,162.2697785,49,0,0,0,0,0,0,0,88.9,2,9.1,0,0,0,0,0,0,0,0,0,0,NA,NA,NA,NA,NA,1,NA,12.37,2.88,93.65,4.93,0.17,2.45,2.23,0.04,1.46,0.16,0.04,66.28
lter,hbef,w2,17.92660903,1283.984049,5.70741603,122.2647059,291.3823529,179.03125,13551.40888,7830.293559,16.22593153,609.1666651,486.0589294,715.6899414,155.5663247,49,0,0,0,0,0,0,0,87,2.5,10.5,0,0,0,0,0,0,0,0,0,0,NA,NA,NA,NA,NA,1,NA,12.37,2.88,93.65,4.93,0.17,2.45,2.23,0.04,1.46,0.16,0.04,66.28
lter,hbef,w3,40.2449544,1283.984049,5.70741603,122.7941176,313.0392157,185.8125,13375.53804,7725.518235,13.30448297,631.7634148,522.1351318,718.0506592,200.6534255,49,0,0,0,0,0,0,0,68.3,7.1,24.6,0,0,0,0,0,0,0,0,0,0,NA,NA,NA,NA,NA,1,NA,12.18,2.43,99.67,4.82,0.12,2.47,2.02,0.04,1.34,0.15,0.04,66.9
lter,hbef,w4,38.82778927,1283.984049,5.70741603,113.3647059,343.3882353,228.275,13627.66401,7855.713279,13.62015872,605.8142908,446.0741577,745.7200928,141.9282851,49,0,0,0,0,0,0,0,96.7,0,3.3,0,0,0,0,0,0,0,0,0,0,NA,NA,NA,NA,NA,1,NA,12.31,2.74,95.45,4.9,0.15,2.45,2.17,0.04,1.43,0.15,0.04,66.47
lter,hbef,w5,20.78260407,1429.708151,4.889419472,116.8823529,343.8823529,228.1875,13435.3505,7800.774484,14.59651462,631.5452328,486.4302368,769.1588135,156.7549628,49,0,0,0,0,0,0,0,97.2,0,2.8,0,0,0,0,0,0,0,0,0,0,NA,NA,NA,NA,NA,1,NA,12.13,2.29,101.54,4.78,0.11,2.48,1.96,0.04,1.3,0.14,0.04,67.09
lter,hbef,w6,14.96451833,1429.708151,4.889419472,118.5098039,349.4313725,232.1041667,13214.15816,7747.378844,13.33797368,679.4124532,543.1709595,795.8423462,149.6643686,49,0,0,0,0,0,0,0,83.6,1.4,15,0,0,0,0,0,0,0,0,0,0,NA,NA,NA,NA,NA,1,NA,11.94,1.84,107.52,4.67,0.07,2.5,1.75,0.03,1.17,0.13,0.04,67.7
lter,hbef,w7,76.59788801,1412.262724,4.884786417,110.3955505,324.7198341,213.8878205,13702.69897,7027.189289,12.90294133,771.9866457,612.4191895,905.0484619,213.3024685,48.52,0,0,0,0,0,0,0,11.1,58.6,30.3,0,0,0,0,0,0,0,0,0,0,NA,NA,NA,NA,NA,1,NA,14.54,3.93,119.92,5.62,0.35,2.42,2.35,0.02,2.61,0.15,0.02,63.71
lter,hbef,w8,61.04342028,1412.262724,4.884786417,110,334.1470588,224.0285714,13878.70724,6964.968785,14.80494612,778.476914,594.239502,905.086853,235.1699345,48.3,0,0,0,0,0,0,0,1.9,81.8,16.3,0,0,0,0,0,0,0,0,0,0,NA,NA,NA,NA,NA,1,NA,12.62,3.35,143.27,5.13,0.22,2.1,2.01,0.02,1.86,0.14,0.02,66.66
lter,hbef,w9,70.26306176,1412.262724,4.884786417,115.3970588,346.004902,230.328125,14106.46206,6985.817802,10.84271975,802.6210796,681.5661621,904.6859131,191.0562458,48.23,0,0,0,0,0,0,0,0,93.6,6.4,0,0,0,0,0,0,0,0,0,0,NA,NA,NA,NA,NA,1,NA,12.12,2.24,118.76,4.82,0.18,2.35,2.02,0.03,1.49,0.14,0.03,67.94
lter,hjandrews,GSLOOK,6232.566536,2203.006801,8.954684214,124.5947407,312.0501675,219.3203309,18070.45565,8720.075197,12.89593088,1004.843089,448,1573,215.8933149,63.5,0,0,0,0,0,0,0,0,97.3,0,0,2.5,0.1,0,0,0,0,0,0,0,6.29,34.7,44.87,20.43,5.32,0.85,NA,15.62,7.5,102.65,8.43,0.22,1.4,4.34,0.01,3.17,0.3,0.02,55.39
lter,hjandrews,GSWS01,98.17990987,2083.378426,10.1346938,126.6887679,303.7617929,211.9071415,19094.57352,8711.158972,27.56118939,722.0624643,457.7973022,1027.75293,210.2103778,58.15,0,0,0,0,0,0,0,0,96.7,0,0,3.3,0,0,0,0,0,0,0,0,6.13,35.11,43.97,20.92,5.63,1,NA,15.59,7.51,105.72,8.46,0.25,1.39,4.42,0.01,3.14,0.3,0.02,55.28
lter,hjandrews,GSWS02,59.17651313,2083.378426,10.1346938,116.3890289,316.0398926,220.9970238,18243.6131,8631.559447,25.34803961,833.2268586,589.1896973,1079.979126,261.3794842,58.91,0,0,0,0,0,0,0,0,100,0,0,0,0,0,0,0,0,0,0,0,5.48,33.53,44.21,22.26,5.24,1,NA,15.6,7.26,98.42,8.19,0.2,1.47,4.16,0.01,3.18,0.29,0.02,56.01
lter,hjandrews,GSWS03,93.01226615,2083.378426,10.1346938,124.4959061,310.9305466,224.741001,18272.59002,8630.553787,24.24574857,777.329675,493.3547363,1080.791382,244.0355,60.08,0,0,0,0,0,0,0,0,100,0,0,0,0,0,0,0,0,0,0,0,5.58,33.44,44.65,21.91,5.33,1,NA,15.59,7.38,101.79,8.31,0.23,1.43,4.28,0.01,3.17,0.3,0.02,55.67
lter,hjandrews,GSWS06,12.01616248,2156.339075,8.808042018,NA,275.8235294,NA,18908.51647,8614.272788,13.13218541,955.2150676,899.2885132,1015.997742,167.4875065,63.72,0,0,0,0,0,0,0,0,100,0,0,0,0,0,0,0,0,0,0,0,5.88,26.36,50.78,22.86,5.13,1,NA,15.59,7.37,101.55,8.3,0.22,1.43,4.27,0.01,3.17,0.3,0.02,55.7
lter,hjandrews,GSWS07,12.42893821,2156.339075,8.808042018,105.9411765,315.0882353,213.625,12393.57309,4206.864349,16.61211769,1006.616836,936.5194702,1096.47229,151.8739005,64,0,0,0,0,0,0,0,0,100,0,0,0,0,0,0,0,0,0,0,0,6.49,20.68,55.65,23.67,5.12,1,NA,15.6,7.05,92.27,7.96,0.17,1.53,3.93,0.01,3.22,0.29,0.02,56.63
lter,hjandrews,GSWS08,16.04324524,2156.339075,8.808042018,NA,NA,NA,18474.45818,8956.202663,14.59176162,1095.879667,989.6880493,1246.561157,183.4683901,64,0,0,0,0,0,0,0,0,100,0,0,0,0,0,0,0,0,0,0,0,5.63,32.01,46.49,21.5,5.13,1,NA,15.6,7.05,92.27,7.96,0.17,1.53,3.93,0.01,3.22,0.29,0.02,56.63
lter,hjandrews,GSWS09,7.168198268,NA,NA,NA,NA,NA,18383.15882,8766.337437,23.952904,594.0406361,438.9624023,726.7606812,241.432382,57.5,0,0,0,0,0,0,0,0,100,0,0,0,0,0,0,0,0,0,0,0,6.11,36.54,42.84,20.62,5.69,1,NA,15.59,7.56,107.14,8.51,0.26,1.37,4.48,0.01,3.14,0.3,0.02,55.14
lter,hjandrews,GSWS10,11.4555451,2155.017749,9.714168024,NA,NA,NA,18543.70833,8786.123455,25.18537873,594.1355497,466.7697144,686.526062,240.5627679,56.08,0,0,0,0,0,0,0,0,100,0,0,0,0,0,0,0,0,0,0,0,6.11,36.54,42.84,20.62,5.69,0.48,NA,15.59,7.56,107.14,8.51,0.26,1.37,4.48,0.01,3.14,0.3,0.02,55.14
lter,hjandrews,GSMACK,579.0612119,2500.935774,8.76675382,123.7599374,306.3843655,225.4093637,18135.38583,8817.52768,22.50004286,1206.078559,756.3329468,1626.614746,185.8316322,64.94,0,0,0,0,0,0,0,0,96.4,0,0,3.5,0.1,0,0,0,0,0,0,0,7.25,34.28,47.74,17.98,5.22,0.7,NA,15.66,7.7,105.45,8.63,0.23,1.36,4.46,0.01,3.16,0.31,0.02,54.9
neon,neon,FLNT,1498666.089,1002.725966,17.96684236,117.4667938,322.2307315,207.1680862,17224.74604,7189.200762,0.857025574,160.8158053,-836,408,177.5045121,53.81,1.2,0,4.8,2.6,0.8,0.5,0.2,12.3,24,7.6,0,3.6,4.9,0,0,0,6.5,19.2,11.6,0.4,NA,NA,NA,NA,NA,3.89,NA,10.72,13.29,79.51,3.91,3.16,2.07,1.7,0.3,1.59,0.13,0.08,52.39
neon,neon,TOMB,4710989.004,NA,NA,106.3682931,316.8783028,210.8911358,NA,NA,1.171580373,122.1527397,-559,1637,181.5912359,35.54,NA,NA,NA,NA,NA,NA,NA,NA,NA,NA,NA,NA,NA,NA,NA,NA,NA,NA,NA,NA,NA,NA,NA,NA,NA,5.91,NA,9.65,9.88,27.81,5.19,22.95,1.82,1.64,0.52,0.86,0.16,0.3,51.84
neon,neon,BLWA,1617163.699,1246.397319,16.59858075,105.1849612,315.4067198,210.921737,16942.85511,7009.905017,1.630885855,166.4359662,-382,877,188.2704117,34.89,2,0,5.7,2.4,0.9,0.4,0.4,26.5,17.7,13.2,0,4.6,3.8,0,0,0,15.9,0.7,5.3,0.3,NA,NA,NA,NA,NA,4.24,NA,8.55,4.46,56.12,3.97,17.85,1.74,1.62,0.32,0.69,0.15,0.3,56.93
neon,neon,WLOU,490.3477756,641.7019502,1.783454618,145.1898251,337.1365208,191.9827978,7448.795075,4483.949424,19.24096215,3191.469159,2900.317627,3530.332031,148.3757029,64,0,0,2.3,0.1,0,0,0,0,91.9,0,0,3.3,2.4,0,0,0,0,0,0,0,0.99,64.48,28.64,6.88,5.78,0.53,NA,13.68,4.04,134.28,4.52,0.1,2.93,1.66,0.01,2.53,0.12,0.03,63.2
neon,neon,MCDI,2257.958825,898.8943013,12.15925305,110.7318548,307.8221006,197.2106646,8328.48298,3592.406586,3.163543263,425.2263304,372.8534851,458.0874329,160.2727694,25.23,0.4,0,2.1,0.3,0,0,0,3.2,0,0.1,0,0.5,72.3,0,0,0,8.1,12.9,0,0,1.38,6.1,51.97,41.93,7.28,1.03,NA,3,34.05,84.42,1.55,0.01,0.56,1.96,0.04,0.49,0.34,0.37,21.53
neon,neon,LEWI,1190.857567,1006.591174,12.32463934,107.5784314,321.9414825,214.5365166,11046.7013,4475.674356,4.51048617,172.3233798,125.3086319,205.3200684,169.8769248,47.74,0,0,4.8,0.6,0.1,0,0,7.3,1.9,6.8,0,0,0.1,0,0,0,66.5,11.7,0,0.1,0.66,14.72,46.71,38.57,5.83,1.01,NA,1.84,36,106.96,1.18,0.09,0.52,7.52,0.05,0.22,0.08,0.08,13.16
neon,neon,BLUE,32215.0462,1051.041411,16.09081636,96.0531878,298.083167,206.352041,9484.06457,3757.57682,0.583234567,357.6592223,299,404,156.9842067,26.11,0.4,0,2.1,0.4,0.1,0,0.1,17.2,0,0,0,0.6,64.5,0,0,0,14.1,0.5,0,0,1.53,23.7,46.47,29.82,6.58,11.79,NA,5.12,22.98,87.8,2.93,3.43,1.05,6.52,0.07,0.5,0.13,0.13,29.6
neon,neon,TECR,297.4780214,1113.990025,8.745960751,108.9816015,293.2735082,232.9094104,13696.31174,8082.459886,11.78228115,2315.605836,2008.754272,2489.433838,121.3726698,72.39,0,0,0,0,0,0,0,0,96.8,0,0,3.2,0,0,0,0,0,0,0,0,1.24,73.74,20.88,5.38,5.74,0.7,NA,13.05,2.88,130.15,4.95,0.12,2.58,2.06,0.03,2.01,0.13,0.04,64.45
neon,neon,HOPB,1188.201057,1338.8913,7.714588742,126.8982714,333.9824798,206.8294065,15144.17459,8131.683543,5.878533556,302.8008388,205.3375549,398.2953796,154.282012,48.04,0.1,0,4.4,0.8,0.1,0,0.1,28.2,9.9,49.5,0,0.3,0.4,0,0,0,3.7,0,2.3,0.1,5.79,68.9,26.68,4.19,5.24,4.73,NA,15.02,3.84,126.69,6.36,0.16,2.5,2.81,0.02,2.39,0.14,0.05,62.16
neon,neon,MART,634.7730489,2509.512526,8.856981572,113.3707956,328.8351766,228.7241591,19397.47389,9592.1509,17.00940597,612.4918941,342.4830017,944.4412231,137.1437059,68.12,0,0,3.7,2.8,0,0,0,0.3,93,0.1,0,0,0,0,0,0,0,0,0,0,NA,NA,NA,NA,NA,0.94,NA,15.64,5.2,115.29,6.16,0.28,2.15,2.88,0.04,3.37,0.23,0.15,60.92
neon,neon,BIGC,1090.092237,922.1316499,11.22724532,142.3289297,338.9853124,237.1702092,17681.93311,9498.601244,17.31984474,1436.199889,1129.679932,1847.854004,144.6928537,56.06,0,0,0,0,0,0,0,0.2,93.2,0.9,0,5.6,0,0,0,0,0,0,0,0,0.98,63.18,19.18,17.63,5.93,0.88,NA,15.65,3.89,152.71,3.8,0.02,3.05,1.78,0.01,3.62,0.17,0.03,65.06
neon,neon,REDB,1671.482657,746.1147009,7.8711705,104.3463069,324.6544666,219.7230343,9046.580974,4934.716643,26.25039915,2100.546528,1689.489624,2530.156982,200.3026976,71.98,0,0,0.4,0,0,0,0,72.6,9.4,0.4,0,17.3,0,0,0,0,0,0,0,0,1.84,43.13,33.41,23.44,7.24,0.43,NA,3.8,27.31,77.39,1.82,0.11,1.11,5.39,0.06,0.29,0.21,0.51,27.54
neon,neon,SYCA,28047.50526,532.7533253,17.31784193,54.16141272,232.7007704,218.3660085,4487.439122,1060.567397,7.900235955,1278.313886,653,2092,193.748346,31.25,0,0,0.5,0.2,0,0,0,0,13.3,0,0,74.5,11.3,0,0,0,0,0,0.1,0,NA,NA,NA,NA,NA,0.85,NA,13.41,4.72,134.3,5.09,1.28,2.5,2.42,0.02,2.62,0.17,0.23,62.63
neon,neon,COMO,356.6286186,1024.515599,0.35539671,151.193712,337.7135456,186.5280172,6650.285279,4191.406803,10.40500251,3282.23482,3020.124512,3516.27124,160.1517631,68.1,0,0,0,0,0,0,0,0,66.3,0,0,21.1,12.2,0,0,0,0,0,0.4,0,1.99,61.19,29.46,9.35,5.77,1,NA,13.32,4.39,117.32,5.07,0.11,2.61,1.81,0.07,2.22,0.12,0.04,61.86
neon,neon,BLDE,3783.900543,860.3488254,1.279835755,122.7177443,332.4023526,208.668627,3558.297738,1923.920168,8.79526025,2400.765164,2024,2942,199.9813466,77.3,0,0,0,0,0,0,0,0,1.1,0,0,92.7,3.7,0,0,0,0,0,0.6,1.9,2.81,55.35,26.04,18.62,6.29,2.46,NA,13.74,3.2,28.83,10.41,4.3,2.22,2.72,0.15,2.08,0.2,0.03,56.97
neon,neon,PRIN,4891.138695,895.1726746,17.23017319,92.65709311,304.1722725,211.2809012,9018.652151,3618.599868,1.828372297,296.4532983,255,339,181.3460181,12.02,0.1,0,3.1,1.1,0.1,0,0,16.6,0,0,0,0.9,71.6,0,0,0,6,0.3,0,0,0.41,51.99,17.99,30.02,6.28,1.12,NA,11.05,1.15,59.23,2.86,0.2,2.15,1.47,0.1,0.51,0.12,0.13,68.28
neon,neon,MCRA,393.221741,2233.67925,8.308487304,128.2637763,323.8845527,221.1634774,17013.2823,8900.799164,18.40198598,1247.815491,876.8928223,1628.89978,238.8649282,64.54,0,0,0,0,0,0,0,0,93.3,0,0,6.2,0.5,0,0,0,0,0,0,0,6.93,37.35,45.63,17.01,5.31,0.65,NA,15.65,7.69,104.52,8.62,0.23,1.36,4.45,0.01,3.16,0.31,0.02,54.92
neon,neon,CARI,3104.738901,NA,NA,NA,NA,NA,0,NA,9.763589983,502.6887291,237,776,181.4297408,NA,0,0,0,0,0,0,0,22.1,52.7,15.3,0,2,0,0,0,0,0,0,7.9,0,NA,NA,NA,NA,NA,0.74,NA,NA,NA,NA,NA,NA,NA,NA,NA,NA,NA,NA,NA
neon,neon,OKSR,5781.456762,NA,NA,NA,NA,NA,0,NA,1.311025134,875.2352744,773,1103,147.4105545,NA,4.6,0,0,0.2,0,0,2.7,0,0,0,66.8,2.3,0,22.6,0,0,0,0,0,0.8,NA,NA,NA,NA,NA,11.06,NA,NA,NA,NA,NA,NA,NA,NA,NA,NA,NA,NA,NA
neon,neon,ARIK,263229.7226,368.8329441,9.429496745,103.695147,292.1652921,193.2714438,4561.288085,2884.627985,0.477031998,1505.530707,1190,1815,122.9577843,42.02,0,0,2.2,0.1,0,0,0,0,0,0,0,1.1,39.4,0,0,0,2.7,54.1,0.1,0.3,0.62,41.27,38.25,20.45,7.93,44.24,NA,8.24,8.6,53.74,3.01,51.02,1.75,3.23,0.03,1.05,0.11,0.03,59.14
neon,neon,GUIL,955.2948685,NA,NA,NA,NA,NA,NA,NA,21.97481299,819.2345164,547.7056885,1200.01709,188.647543,NA,0,0,0,0.5,0,0,0,0,88.6,0,0,0.7,10.1,0,0,0,0,0,0,0,NA,NA,NA,NA,NA,1,NA,NA,NA,NA,NA,NA,NA,NA,NA,NA,NA,NA,NA
neon,neon,CUPE,425.8069989,NA,NA,NA,NA,NA,NA,NA,26.14425856,461.4369066,148.2349854,893.0477295,194.1350608,NA,0,0,0.7,0.2,0.2,0,0,0,97.6,0,0,0.2,1,0,0,0,0,0,0,0,NA,NA,NA,NA,NA,1,NA,NA,NA,NA,NA,NA,NA,NA,NA,NA,NA,NA,NA
neon,neon,POSE,202.7314536,1146.232024,12.03200982,119.0605042,315.6789916,196.1321429,15780.05015,7767.293588,9.823855162,355.2098969,272.1412048,489.934845,202.829919,45,0,0,3.6,0,0,0,0,89.6,0.5,3.7,0,0,0,0,0,0,2.7,0,0,0,0.48,32.02,38.64,29.34,5.38,1,NA,14.2,8.71,101.27,12.3,1.38,0.49,5.7,0.02,2.7,0.19,0.02,49.2
neon,neon,KING,1304.125333,878.4843254,12.27062812,118.9875139,309.8842952,190.5642689,8639.020781,3425.746858,7.212164083,391.4514103,325.3599854,444.196228,188.1360784,28.11,0,0,0,0,0,0,0,10.1,0,0,0,0,89.9,0,0,0,0,0,0,0,1.67,6.46,51.94,41.6,7.38,1.06,NA,3,34.05,84.42,1.55,0.01,0.56,1.96,0.04,0.49,0.34,0.37,21.53
neon,neon,MAYF,1436.211565,1394.034875,17.30382129,112.5654207,317.9394042,205.57785,18636.58172,7802.330822,10.9263019,119.5508084,71.65060425,180.0747681,180.0010294,38.91,0,0,3.7,0,0,0,0,34.2,36.1,18.6,0,5.2,0.2,0,0,0,0,0,2,0,0.33,44.17,24.57,31.26,4.81,1,NA,13.16,1.09,9.25,9.07,18.06,2.34,1.17,0.93,1.09,0.13,0.47,65.61
neon,neon,WALK,108.9961082,1403.705601,14.60462492,106.394958,315.8907563,209.375,17219.83579,7998.328223,11.95316675,315.5843103,262.8395691,358.5019836,181.6034307,41,0,0,0,0,0,0,0,99.6,0,0,0,0,0,0,0,0,0.4,0,0,0,0.34,16.79,35.3,47.92,5.01,1,NA,3.65,25.96,117.97,1.48,0.11,1.48,4.55,0.05,0.2,0.08,0.04,33.67
neon,neon,LECO,912.0993865,1928.098775,9.416062053,124.7380178,309.9006259,185.7479846,17929.30283,10157.10107,24.14658941,1097.183979,538.0897827,1996.385864,208.4356973,54.1,0,0,1.8,0,0,0,0,35.9,11.4,50.9,0,0,0,0,0,0,0,0,0,0,3.19,55.06,32.42,11.85,4.64,0.89,NA,11.12,0.77,102.76,3.74,0.07,2.47,1.34,0.01,1.11,0.12,0.05,70.93
lter,konza,N04D,126.4446701,878.4843254,12.27063136,118.2887701,309.0614973,190.2926136,8558.881218,3457.274289,7.934791797,406.3363431,362.8382874,436.078186,181.4220935,27.76,0,0,0,0,0,0,0,3.3,0,0,0,0,96.7,0,0,0,0,0,0,0,1.61,6.38,50.39,43.24,7.28,1,NA,3,34.05,84.42,1.55,0.01,0.56,1.96,0.04,0.49,0.34,0.37,21.53
lter,konza,N20B,200.6671927,878.4843254,12.27063136,121.0361991,308.4162896,187.3557692,8650.781919,3423.133691,7.316240602,409.5427334,371.3694763,442.1872253,197.7950842,27.29,0,0,0,0,0,0,0,1.7,0,0,0,0,98.3,0,0,0,0,0,0,0,1.6,6.29,49.69,44.02,7.26,1,NA,3,34.05,84.42,1.55,0.01,0.56,1.96,0.04,0.49,0.34,0.37,21.53
lter,konza,N01B,120.3558035,878.4843254,12.27063136,118.3366013,308.2385621,189.6006944,8600.033628,3447.382481,7.571678853,411.8168035,372.7045593,440.6138916,187.7858129,27.38,0,0,0,0,0,0,0,2.3,0,0,0,0,97.7,0,0,0,0,0,0,0,1.57,6.3,50.16,43.54,7.23,1,NA,3,34.05,84.42,1.55,0.01,0.56,1.96,0.04,0.49,0.34,0.37,21.53
lter,konza,N02B,95.62947907,878.4843254,12.27063136,119.1323529,309.8272059,190.2539063,8648.49337,3432.783809,8.261801131,401.2022848,356.9047852,435.7183533,171.8053373,28.15,0,0,0,0,0,0,0,8.4,0,0,0,0,91.6,0,0,0,0,0,0,0,1.63,6.41,50.86,42.74,7.33,1,NA,3,34.05,84.42,1.55,0.01,0.56,1.96,0.04,0.49,0.34,0.37,21.53
lter,baltimore,GFCP,16317.44788,NA,NA,NA,NA,NA,NA,NA,1.160666513,139.9327434,11,225,150.6689255,NA,NA,NA,NA,NA,NA,NA,NA,NA,NA,NA,NA,NA,NA,NA,NA,NA,NA,NA,NA,NA,NA,NA,NA,NA,NA,NA,NA,NA,NA,NA,NA,NA,NA,NA,NA,NA,NA,NA,NA
lter,baltimore,GFGB,1052.823351,NA,NA,NA,NA,NA,NA,NA,3.721050665,199.6698172,162.6456451,231.13591,172.4791636,NA,NA,NA,NA,NA,NA,NA,NA,NA,NA,NA,NA,NA,NA,NA,NA,NA,NA,NA,NA,NA,NA,NA,NA,NA,NA,NA,NA,NA,NA,NA,NA,NA,NA,NA,NA,NA,NA,NA,NA
lter,baltimore,GFGL,85.44606527,NA,NA,NA,NA,NA,NA,NA,2.440590886,208.3581428,196.1512909,223.6710968,139.9547252,NA,NA,NA,NA,NA,NA,NA,NA,NA,NA,NA,NA,NA,NA,NA,NA,NA,NA,NA,NA,NA,NA,NA,NA,NA,NA,NA,NA,NA,NA,NA,NA,NA,NA,NA,NA,NA,NA,NA,NA
lter,baltimore,GFVN,8295.102805,NA,NA,NA,NA,NA,NA,NA,1.116947265,172.0709812,118,225,144.7663837,NA,NA,NA,NA,NA,NA,NA,NA,NA,NA,NA,NA,NA,NA,NA,NA,NA,NA,NA,NA,NA,NA,NA,NA,NA,NA,NA,NA,NA,NA,NA,NA,NA,NA,NA,NA,NA,NA,NA,NA
lter,baltimore,POBR,35.79755932,NA,NA,NA,NA,NA,NA,NA,5.798916945,171.4022082,135.5786438,193.3699493,171.9317616,NA,NA,NA,NA,NA,NA,NA,NA,NA,NA,NA,NA,NA,NA,NA,NA,NA,NA,NA,NA,NA,NA,NA,NA,NA,NA,NA,NA,NA,NA,NA,NA,NA,NA,NA,NA,NA,NA,NA,NA
lter,baltimore,DRKR,1411.383157,NA,NA,NA,NA,NA,NA,NA,3.42287173,130.4330881,92.34790039,168.2990875,172.0227239,NA,NA,NA,NA,NA,NA,NA,NA,NA,NA,NA,NA,NA,NA,NA,NA,NA,NA,NA,NA,NA,NA,NA,NA,NA,NA,NA,NA,NA,NA,NA,NA,NA,NA,NA,NA,NA,NA,NA,NA
lter,baltimore,BARN,382.3951215,NA,NA,NA,NA,NA,NA,NA,7.422923279,169.914202,100.6184311,206.9403534,168.6940664,NA,NA,NA,NA,NA,NA,NA,NA,NA,NA,NA,NA,NA,NA,NA,NA,NA,NA,NA,NA,NA,NA,NA,NA,NA,NA,NA,NA,NA,NA,NA,NA,NA,NA,NA,NA,NA,NA,NA,NA
lter,baltimore,MCDN,5.614471682,NA,NA,NA,NA,NA,NA,NA,4.070657835,145.259418,135.0317993,154.3245087,121.2316782,NA,NA,NA,NA,NA,NA,NA,NA,NA,NA,NA,NA,NA,NA,NA,NA,NA,NA,NA,NA,NA,NA,NA,NA,NA,NA,NA,NA,NA,NA,NA,NA,NA,NA,NA,NA,NA,NA,NA,NA
lter,baltimore,MAWI,1224.151097,NA,NA,NA,NA,NA,NA,NA,4.264117124,88.15195769,18.35284615,161.1558685,160.9348018,NA,NA,NA,NA,NA,NA,NA,NA,NA,NA,NA,NA,NA,NA,NA,NA,NA,NA,NA,NA,NA,NA,NA,NA,NA,NA,NA,NA,NA,NA,NA,NA,NA,NA,NA,NA,NA,NA,NA,NA
lter,niwot,ALBION,715.1066651,1024.515724,0.35539671,153.4303091,329.3560354,174.179958,2923.152058,1748.334689,20.38886498,3580.366215,3246.720215,4043.858154,148.4752847,66.78,3.9,4.8,0,0,0,0,25.1,0,8.4,0,0,32,24.3,0,0,0,0,0,1,0.5,NA,NA,NA,NA,NA,0.32,NA,13.98,3.67,146.27,4.11,0.07,3.11,1.54,0.01,2.81,0.12,0.03,64.6
lter,niwot,GREEN4,228.789002,1182.7952,-1.460750652,153.4754902,328.6464845,173.6861607,2226.331867,1255.454582,26.01645104,3739.717178,3556.579346,4043.858154,185.2257678,66.27,2.8,11.2,0,0,0,0,46.4,0,0,0,0,17.3,22.2,0,0,0,0,0,0,0,NA,NA,NA,NA,NA,0.01,NA,13.62,3.54,142.93,3.98,0.08,3.19,1.45,0.01,2.67,0.11,0.03,64.77
lter,niwot,MARTINELLI,16.17004221,1024.515599,0.35539671,153.8823529,321.2941176,162.5625,2613.023756,1608.119392,12.63928748,3560.88658,3392.661377,3641.373047,155.4918122,67,0,1.3,0,0,0,0,4.8,0,2.2,0,0,40.6,51.1,0,0,0,0,0,0,0,NA,NA,NA,NA,NA,0.01,NA,15.5,3.82,168.81,4.24,0,2.98,1.78,0.01,3.58,0.17,0.03,65.23
lter,niwot,SADDLE,19.95089151,1024.515599,0.35539671,158.2156863,329.4705882,165.25,3325.758094,2031.66566,8.748643798,3497.999844,3368.44043,3615.042236,182.0248407,67,0,0,0,0,0,0,0,0,11.8,0,0,37.1,51.1,0,0,0,0,0,0,0,2.18,64.16,24.02,11.82,5.59,0.78,NA,15.02,3.96,159.08,4.37,0.03,2.91,1.79,0.01,3.29,0.16,0.03,64.45
lter,santa_barbara,AB00,2306.256763,547.1483493,15.91792951,-18.44674486,179.4206582,205.3088006,15780.42611,9368.792071,16.79116396,304.3597015,3.874279737,1210.478149,192.2019656,15.54,0,0,17.7,14.3,4.6,0.4,0,0,6.8,6.5,0,48.4,1.1,0,0,0,0.1,0,0.1,0,1.58,44.24,29.61,26.15,6.68,3.2,NA,8.16,5.31,60.2,7.82,28.49,1.69,2.05,0.26,0.64,0.14,0.85,54.71
lter,santa_barbara,AT07,1426.157153,476.7281756,15.65684079,5.608827288,169.8192945,197.2108904,11501.78922,6194.943637,7.744862347,84.38748153,12.28876495,343.937561,196.3264036,15.09,0.1,0,35,21.7,11.4,0.8,0.4,0,3.7,1.8,0,20.7,4.3,0,0,0,0,0,0.1,0.1,1.36,45.89,25.51,28.61,6.81,5.79,NA,9.05,4.36,29.46,16.74,76.53,1.74,1.93,0.52,0.72,0.13,0.43,43.07
lter,santa_barbara,BC02,1472.253855,529.3445254,15.53523874,-8.398372037,197.9904751,210.7243751,18241.08615,10849.30763,19.43356938,298.8771379,14.80836391,940.5640259,190.4485399,19.54,0.2,0,3.3,1.7,0.6,0,0,0,6.3,4.6,0,71.6,2.2,0,0,0,0.9,8.7,0,0,1.54,43.5,31.81,24.69,6.5,1.04,NA,7.65,6.2,77.82,3.07,2.99,1.66,2.22,0.11,0.61,0.14,1.13,60.4
lter,santa_barbara,DV01,832.7859749,467.1181999,14.30110973,-5.116130421,178.829778,192.5539533,10839.09847,6246.848816,3.260131567,30.29630249,2.316717148,166.869751,159.4059594,18.01,0,0,14,22.6,30.3,1.7,0,0,1.6,0.1,0,16.4,5.5,0,0,0,2.2,4.4,0.1,0.9,NA,NA,NA,NA,NA,17.01,NA,9.14,4.25,14.57,21.75,104.21,1.66,1.82,0.68,0.76,0.13,0.33,36
lter,santa_barbara,GV01,4967.968417,569.2071759,15.87136504,-11.50706957,181.8729972,196.9246681,11878.95872,6179.444875,16.68458606,296.5208334,21,852,185.9497671,28.79,0,0,1.9,0.5,0,0,0,0,21.5,7.6,0,38.4,30,0,0,0,0,0,0,0.1,1.83,40.02,33.48,26.5,6.63,1.42,NA,6.73,10.28,72,2.68,0.18,1.62,3.98,0.1,0.48,0.14,0.92,51.04
lter,santa_barbara,HO00,1113.047042,660.3839011,16.52318371,-9.494437454,196.6033579,209.3720243,16726.49774,8094.377665,23.44635481,436.0395757,7.367792606,861.8999023,167.5372501,28,0.1,0,1,0.1,0,0,0,0,18.2,26.1,0,52.1,2.4,0,0,0,0,0,0.1,0,1.1,49.16,33.34,17.5,5.55,0.97,NA,7.47,5.78,77.18,2.61,0.18,1.58,2.25,0.15,0.55,0.17,0.9,60.57
lter,santa_barbara,MC00,3063.40354,564.4668245,16.30208157,-8.087337877,185.5180789,205.8468563,16406.71399,9561.244133,14.59017466,370.841064,6,1213,188.5121114,15.92,0.2,0,18.2,15.4,11.1,0.5,0,0,7.8,7.2,0,38.9,0.6,0,0,0,0,0,0,0,1.31,49.73,28.29,21.98,6.25,2.74,NA,8.64,3.45,51.65,10.97,45.7,1.66,1.4,0.38,0.69,0.15,0.7,53.74
lter,santa_barbara,MC06,1674.423563,583.0770251,16.65654729,-14.17770523,188.7498365,210.43432,16528.23253,9539.31713,22.86423779,612.356917,92.99315643,1212.970703,193.8071861,17.01,0,0,13.3,0.5,0.1,0,0,0,10.9,10.7,0,63.7,0.8,0,0,0,0,0,0,0,1.15,48.43,31.85,19.72,5.71,0.88,NA,7.92,3.85,75.22,4.37,10.33,1.59,1.34,0.2,0.63,0.17,1.02,62.95
lter,santa_barbara,ON02,400.6468092,518.9553747,15.3927735,-14.75603192,185.1535496,198.5238878,11672.65296,6524.531037,20.16016292,191.713105,7.923527241,457.272522,191.4090951,30.19,0,0,1.4,0,0,0,0,0,8.4,9.4,0,65.8,14.8,0,0,0,0,0,0.2,0,1.58,40.23,34.09,25.68,6.85,1.99,NA,6.45,11.4,70.4,2.68,0.18,1.61,4.41,0.09,0.45,0.14,0.91,48.53
lter,santa_barbara,RG01,2072.878881,571.2260007,15.24200708,-0.497917717,196.7700066,209.6459268,14444.60906,6856.952519,17.67131699,346.2151736,12.39482307,1002.983887,178.4017794,27.24,0,0,3,0.2,0,0,0,0,11.1,12.6,0,34.8,31.2,0,0,0,0.1,6.6,0.1,0,1.27,46.49,32.46,21.05,6.17,1.6,NA,6.77,9.14,74.41,2.57,0.18,1.59,3.4,0.12,0.5,0.15,1.03,53.98
lter,santa_barbara,RS02,553.3649367,583.5269004,16.77584743,-12.73753388,194.6668431,214.0867608,16642.75433,9475.950125,25.05417326,755.242687,259.6540527,1160.180908,190.3060526,17.41,0,0,7.1,0.1,0,0,0,0,11.9,16,0,64.3,0.5,0,0,0,0,0,0.1,0,1.02,50.55,33.38,16.07,5.35,0.65,NA,7.59,3.98,80.49,2.49,0.18,1.53,1.4,0.17,0.58,0.18,1.01,64.91
lter,santa_barbara,SP02,799.9682728,534.5616626,15.54533214,-5.126683548,195.1561026,211.1642822,15130.66164,7449.340608,18.86825168,374.6809538,18.07435799,874.7002563,168.6339908,18.54,0,0,3,0.8,0.2,0,0,0,6.3,4.5,0,77.6,2.8,0,0,0,0.1,4.4,0.2,0,1.45,44.57,33.13,22.3,6.08,1.04,NA,7.75,4.86,80.36,2.86,2.16,1.62,1.63,0.13,0.63,0.16,1.18,63.66
lter,santa_barbara,FK00,702.7562286,530.3752502,16.55351875,11.13947909,204.0825445,211.6605687,14492.85153,6691.03926,13.0670851,144.4774799,9.197072983,524.2848511,193.3547025,28.71,0,0,5,10.6,9.5,1.1,0,0,10,16,0,40.8,3.3,0,0,0,1,2.6,0,0,1.67,44.94,29.36,25.7,7.23,2.97,NA,8.9,2.87,53.54,11.42,48.41,1.69,1.03,0.37,0.75,0.14,0.86,55.31
lter,santa_barbara,TE03,113.9614751,464.1138007,14.93241404,-18.5609371,174.5677636,195.3613064,10595.68128,6027.74196,6.379303765,45.42522783,3.875217438,118.5667191,173.3280468,17.55,0,0,1.7,7.5,8.3,0.2,0,0,0.4,0,0,49.6,29.7,0,0,0,1.6,0,0,0.9,1.9,31.86,28.37,39.77,7.69,7.8,NA,7.78,8.55,32.09,15.34,69.61,1.63,3.27,0.47,0.63,0.12,0.65,36.64
lter,santa_barbara,SM04,929.1873449,542.4728742,16.46016902,-1.22624068,190.4969132,209.1998906,17631.65177,9949.38144,24.85791371,528.7916262,58.39057922,1176.119141,191.9892941,28.79,0.1,0,0.8,0.1,0,0,0,0,25.5,48.8,0,23.2,1.4,0,0,0,0,0,0,0,1.59,43.77,32.89,23.34,6.33,0.93,NA,8.01,3.76,82.74,2.62,0.88,1.64,1.2,0.12,0.65,0.16,1.2,66.5
lter,santa_barbara,CP00,3871.335077,562.7332509,16.86421528,17.4948436,209.8591978,212.0927045,16830.75213,9448.853485,21.64478306,511.8417712,12,1415,191.6712904,30.75,0,0,2.2,0.8,0.6,0,0,0,30.1,31.2,0,20.6,6.6,0,0,0,0.4,7.2,0.1,0,1.68,45.24,31.6,23.16,6.55,1.79,NA,8.42,3.33,67.63,7.1,25.08,1.66,1.13,0.25,0.7,0.15,1.01,60.64
lter,santa_barbara,SM01,959.7371844,542.4728742,16.46016902,0.223158565,191.3195344,209.5155511,17687.61726,9978.348489,24.0284255,501.1887126,10.75074768,1178.620483,191.8327659,28.72,0.1,0,1.5,1.7,0.8,0.1,0,0,24.5,46.5,0,22.8,1.4,0,0,0,0.6,0.1,0,0.1,1.57,45.03,32.11,22.85,6.37,1.1,NA,8.1,3.66,79.19,3.66,6.54,1.64,1.19,0.15,0.66,0.16,1.16,65.12
lter,santa_barbara,RN01,3812.036431,616.8303252,16.78106589,19.37196779,212.395985,214.6582584,15695.98025,9030.846276,20.5763093,462.0580142,8,1464,198.0292995,32.87,0,0,2.6,0.3,0.1,0,0,0,30.7,25.8,0,26.5,10.8,0,0,0,0.4,2.9,0,0,1.07,40.57,31.98,27.45,6.99,1.18,NA,8.26,4.42,72.87,5.4,15.81,1.7,1.48,0.17,0.69,0.14,1.15,61.38
lter,bonanza,C2,516.2527355,NA,NA,NA,NA,NA,NA,NA,10.43851072,594.2088998,352.2078552,750.9839478,180.7297372,NA,NA,NA,NA,NA,NA,NA,NA,NA,NA,NA,NA,NA,NA,NA,NA,NA,NA,NA,NA,NA,NA,NA,NA,NA,NA,NA,NA,NA,NA,NA,NA,NA,NA,NA,NA,NA,NA,NA,NA
lter,bonanza,C3,527.4539403,NA,NA,NA,NA,NA,NA,NA,11.74664363,542.0975231,315.9573669,779.3622437,165.804406,NA,NA,NA,NA,NA,NA,NA,NA,NA,NA,NA,NA,NA,NA,NA,NA,NA,NA,NA,NA,NA,NA,NA,NA,NA,NA,NA,NA,NA,NA,NA,NA,NA,NA,NA,NA,NA,NA,NA,NA
lter,bonanza,C4,936.0683027,NA,NA,NA,NA,NA,NA,NA,11.2360736,539.8285247,263.6106567,783.7481689,155.2159458,NA,NA,NA,NA,NA,NA,NA,NA,NA,NA,NA,NA,NA,NA,NA,NA,NA,NA,NA,NA,NA,NA,NA,NA,NA,NA,NA,NA,NA,NA,NA,NA,NA,NA,NA,NA,NA,NA,NA,NA
lter,mcmurdo,bohner_b5,105.085427,NA,NA,NA,NA,NA,NA,NA,7.518781638,1218.221623,200.9678192,1661.169556,174.0672392,NA,NA,NA,NA,NA,NA,NA,NA,NA,NA,NA,NA,NA,NA,NA,NA,NA,NA,NA,NA,NA,NA,NA,NA,NA,NA,NA,NA,NA,NA,NA,NA,NA,NA,NA,NA,NA,NA,NA,NA
lter,mcmurdo,adams_weir,9.876850154,NA,NA,NA,NA,NA,NA,NA,1.075860863,453.6025391,412.6085815,482.9535522,32.7458091,NA,NA,NA,NA,NA,NA,NA,NA,NA,NA,NA,NA,NA,NA,NA,NA,NA,NA,NA,NA,NA,NA,NA,NA,NA,NA,NA,NA,NA,NA,NA,NA,NA,NA,NA,NA,NA,NA,NA,NA
lter,mcmurdo,aiken_f5,NA,NA,NA,NA,NA,NA,NA,NA,NA,NA,NA,NA,NA,NA,NA,NA,NA,NA,NA,NA,NA,NA,NA,NA,NA,NA,NA,NA,NA,NA,NA,NA,NA,NA,NA,NA,NA,NA,NA,NA,NA,NA,NA,NA,NA,NA,NA,NA,NA,NA,NA,NA,NA
lter,mcmurdo,anderson_h1,160.0911324,NA,NA,NA,NA,NA,NA,NA,NA,NA,NA,NA,NA,NA,NA,NA,NA,NA,NA,NA,NA,NA,NA,NA,NA,NA,NA,NA,NA,NA,NA,NA,NA,NA,NA,NA,NA,NA,NA,NA,NA,NA,NA,NA,NA,NA,NA,NA,NA,NA,NA,NA,NA
lter,mcmurdo,canada_f1,NA,NA,NA,NA,NA,NA,NA,NA,NA,NA,NA,NA,NA,NA,NA,NA,NA,NA,NA,NA,NA,NA,NA,NA,NA,NA,NA,NA,NA,NA,NA,NA,NA,NA,NA,NA,NA,NA,NA,NA,NA,NA,NA,NA,NA,NA,NA,NA,NA,NA,NA,NA,NA
lter,mcmurdo,common_c1,NA,NA,NA,NA,NA,NA,NA,NA,NA,NA,NA,NA,NA,NA,NA,NA,NA,NA,NA,NA,NA,NA,NA,NA,NA,NA,NA,NA,NA,NA,NA,NA,NA,NA,NA,NA,NA,NA,NA,NA,NA,NA,NA,NA,NA,NA,NA,NA,NA,NA,NA,NA,NA
lter,mcmurdo,crescent_f8,NA,NA,NA,NA,NA,NA,NA,NA,NA,NA,NA,NA,NA,NA,NA,NA,NA,NA,NA,NA,NA,NA,NA,NA,NA,NA,NA,NA,NA,NA,NA,NA,NA,NA,NA,NA,NA,NA,NA,NA,NA,NA,NA,NA,NA,NA,NA,NA,NA,NA,NA,NA,NA
lter,mcmurdo,delta_f10,NA,NA,NA,NA,NA,NA,NA,NA,NA,NA,NA,NA,NA,NA,NA,NA,NA,NA,NA,NA,NA,NA,NA,NA,NA,NA,NA,NA,NA,NA,NA,NA,NA,NA,NA,NA,NA,NA,NA,NA,NA,NA,NA,NA,NA,NA,NA,NA,NA,NA,NA,NA,NA
lter,mcmurdo,green_f9,NA,NA,NA,NA,NA,NA,NA,NA,NA,NA,NA,NA,NA,NA,NA,NA,NA,NA,NA,NA,NA,NA,NA,NA,NA,NA,NA,NA,NA,NA,NA,NA,NA,NA,NA,NA,NA,NA,NA,NA,NA,NA,NA,NA,NA,NA,NA,NA,NA,NA,NA,NA,NA
lter,mcmurdo,harnish_f11,NA,NA,NA,NA,NA,NA,NA,NA,NA,NA,NA,NA,NA,NA,NA,NA,NA,NA,NA,NA,NA,NA,NA,NA,NA,NA,NA,NA,NA,NA,NA,NA,NA,NA,NA,NA,NA,NA,NA,NA,NA,NA,NA,NA,NA,NA,NA,NA,NA,NA,NA,NA,NA
lter,mcmurdo,harnish_f7,NA,NA,NA,NA,NA,NA,NA,NA,NA,NA,NA,NA,NA,NA,NA,NA,NA,NA,NA,NA,NA,NA,NA,NA,NA,NA,NA,NA,NA,NA,NA,NA,NA,NA,NA,NA,NA,NA,NA,NA,NA,NA,NA,NA,NA,NA,NA,NA,NA,NA,NA,NA,NA
lter,mcmurdo,lostseal_f3,NA,NA,NA,NA,NA,NA,NA,NA,NA,NA,NA,NA,NA,NA,NA,NA,NA,NA,NA,NA,NA,NA,NA,NA,NA,NA,NA,NA,NA,NA,NA,NA,NA,NA,NA,NA,NA,NA,NA,NA,NA,NA,NA,NA,NA,NA,NA,NA,NA,NA,NA,NA,NA
lter,mcmurdo,onyx_vnda,NA,NA,NA,NA,NA,NA,NA,NA,NA,NA,NA,NA,NA,NA,NA,NA,NA,NA,NA,NA,NA,NA,NA,NA,NA,NA,NA,NA,NA,NA,NA,NA,NA,NA,NA,NA,NA,NA,NA,NA,NA,NA,NA,NA,NA,NA,NA,NA,NA,NA,NA,NA,NA
lter,mcmurdo,onyx_lwright,NA,NA,NA,NA,NA,NA,NA,NA,NA,NA,NA,NA,NA,NA,NA,NA,NA,NA,NA,NA,NA,NA,NA,NA,NA,NA,NA,NA,NA,NA,NA,NA,NA,NA,NA,NA,NA,NA,NA,NA,NA,NA,NA,NA,NA,NA,NA,NA,NA,NA,NA,NA,NA
lter,mcmurdo,vguerard_f6,NA,NA,NA,NA,NA,NA,NA,NA,NA,NA,NA,NA,NA,NA,NA,NA,NA,NA,NA,NA,NA,NA,NA,NA,NA,NA,NA,NA,NA,NA,NA,NA,NA,NA,NA,NA,NA,NA,NA,NA,NA,NA,NA,NA,NA,NA,NA,NA,NA,NA,NA,NA,NA
lter,mcmurdo,house_h2,NA,NA,NA,NA,NA,NA,NA,NA,NA,NA,NA,NA,NA,NA,NA,NA,NA,NA,NA,NA,NA,NA,NA,NA,NA,NA,NA,NA,NA,NA,NA,NA,NA,NA,NA,NA,NA,NA,NA,NA,NA,NA,NA,NA,NA,NA,NA,NA,NA,NA,NA,NA,NA
lter,mcmurdo,huey_f2,NA,NA,NA,NA,NA,NA,NA,NA,NA,NA,NA,NA,NA,NA,NA,NA,NA,NA,NA,NA,NA,NA,NA,NA,NA,NA,NA,NA,NA,NA,NA,NA,NA,NA,NA,NA,NA,NA,NA,NA,NA,NA,NA,NA,NA,NA,NA,NA,NA,NA,NA,NA,NA
lter,mcmurdo,santafe_b2,NA,NA,NA,NA,NA,NA,NA,NA,NA,NA,NA,NA,NA,NA,NA,NA,NA,NA,NA,NA,NA,NA,NA,NA,NA,NA,NA,NA,NA,NA,NA,NA,NA,NA,NA,NA,NA,NA,NA,NA,NA,NA,NA,NA,NA,NA,NA,NA,NA,NA,NA,NA,NA
lter,mcmurdo,priscu_b1,NA,NA,NA,NA,NA,NA,NA,NA,NA,NA,NA,NA,NA,NA,NA,NA,NA,NA,NA,NA,NA,NA,NA,NA,NA,NA,NA,NA,NA,NA,NA,NA,NA,NA,NA,NA,NA,NA,NA,NA,NA,NA,NA,NA,NA,NA,NA,NA,NA,NA,NA,NA,NA
lter,mcmurdo,lawson_b3,NA,NA,NA,NA,NA,NA,NA,NA,NA,NA,NA,NA,NA,NA,NA,NA,NA,NA,NA,NA,NA,NA,NA,NA,NA,NA,NA,NA,NA,NA,NA,NA,NA,NA,NA,NA,NA,NA,NA,NA,NA,NA,NA,NA,NA,NA,NA,NA,NA,NA,NA,NA,NA
lter,plum,cart_creek,355.4586827,NA,NA,NA,NA,NA,NA,NA,NA,NA,NA,NA,NA,NA,NA,NA,NA,NA,NA,NA,NA,NA,NA,NA,NA,NA,NA,NA,NA,NA,NA,NA,NA,NA,NA,NA,NA,NA,NA,NA,NA,NA,NA,NA,NA,NA,NA,NA,NA,NA,NA,NA,NA
lter,plum,saw_mill_brook,343.853292,1230.3597,9.881496056,124.2183258,328.5384615,203.7608173,14924.42828,8027.099904,2.200699538,47.08924084,32.78227615,77.35398865,177.0727904,56,0,0,24,26.5,36.9,3.5,0.1,5.2,0.5,1.2,0,0,0,0,0,0,0.3,0,1.7,0,8.34,67.42,25.03,5.32,5.33,22.2,NA,14.21,3.41,154.03,4.54,0.23,2.89,2.09,0.01,3.28,0.16,0.04,65.48
lter,plum,bear_meadow,319.286988,1231.1783,9.984640317,124.391097,334.0937997,208.3581081,15671.79198,8376.557129,1.97650642,28.22076065,22.18573761,61.35094452,165.1367981,55,0,0,6.1,8.3,8,1.3,0.6,12.8,2.3,12.9,0,0,1.6,0,0,0,0.7,0,45.3,0.1,35.05,75.81,18.42,2.76,5.19,46.78,NA,14.48,5.56,183.27,7.74,0.3,1.58,3.94,0.01,2.39,0.18,0.04,58.58
lter,plum,upper_ipswich,4583.833744,1236.481675,9.935169916,122.33767,327.7511834,204.6701774,14978.06921,7964.430479,1.825868772,32.39708196,20,82,213.2261088,55.17,1.2,0,18.1,22.5,21.8,4.1,0.1,6.2,2.8,5.2,0,0.1,0.2,0,0,0,0.4,0,16.7,0.5,17.53,75.07,19.4,3.3,5.29,38.57,NA,14.66,3.75,157.73,4.69,0.17,2.75,2.11,0.01,3.39,0.16,0.04,65.05
lter,arctic,Kuparuk_River_-0.1,54.0629552,NA,NA,NA,NA,NA,NA,NA,3.341103911,780.7760612,750.6026001,830.3896484,87.06891541,NA,0,0,0,0,0,0,0,0,0,0,68.6,20.9,0,10.6,0,0,0,0,0,0,NA,NA,NA,NA,NA,6.45,NA,NA,NA,NA,NA,NA,NA,NA,NA,NA,NA,NA,NA
lter,arctic,Kuparuk_River_-0.177,37.35703606,NA,NA,NA,NA,NA,NA,NA,3.393895855,783.1549549,751.8656006,830.4119873,83.36806085,NA,0,0,0,0,0,0,0,0,0,0,74.5,16.3,0,9.2,0,0,0,0,0,0,NA,NA,NA,NA,NA,6.43,NA,NA,NA,NA,NA,NA,NA,NA,NA,NA,NA,NA,NA
lter,arctic,Kuparuk_River_-0.3,NA,NA,NA,NA,NA,NA,0,NA,3.624600558,992.3484035,746,1441,164.4294837,NA,0.4,0.4,0,0,0,0,20.3,0,0,0,71.7,2.1,0,4.8,0,0,0,0,0,0.3,NA,NA,NA,NA,NA,4.21,NA,NA,NA,NA,NA,NA,NA,NA,NA,NA,NA,NA,NA
lter,arctic,Kuparuk_River_-0.47,13062.5558,NA,NA,NA,NA,NA,0,NA,3.627600909,992.7974589,748,1441,163.8191477,NA,0.4,0.4,0,0,0,0,20.3,0,0,0,71.7,2,0,4.8,0,0,0,0,0,0.3,NA,NA,NA,NA,NA,4.2,NA,NA,NA,NA,NA,NA,NA,NA,NA,NA,NA,NA,NA
lter,arctic,Kuparuk_River_-0.7,12953.19738,NA,NA,NA,NA,NA,0,NA,3.628536757,992.8613062,748,1441,164.028244,NA,0.4,0.4,0,0,0,0,20.4,0,0,0,71.7,2,0,4.8,0,0,0,0,0,0.3,NA,NA,NA,NA,NA,4.21,NA,NA,NA,NA,NA,NA,NA,NA,NA,NA,NA,NA,NA
lter,arctic,Kuparuk_River_0,13120.65986,NA,NA,NA,NA,NA,0,NA,3.617607313,991.3311563,742,1441,163.635089,NA,0.4,0.4,0,0,0,0,20.2,0,0,0,71.7,2.1,0,4.8,0,0,0,0,0,0.3,NA,NA,NA,NA,NA,4.22,NA,NA,NA,NA,NA,NA,NA,NA,NA,NA,NA,NA,NA
lter,arctic,Kuparuk_River_0.3,13198.20757,NA,NA,NA,NA,NA,NA,NA,3.483716314,779.2008209,748.1036987,830.395874,87.07607618,NA,0,0,0,0,0,0,0,0,0,0,69.9,21.6,0,8.6,0,0,0,0,0,0,NA,NA,NA,NA,NA,6.11,NA,NA,NA,NA,NA,NA,NA,NA,NA,NA,NA,NA,NA
lter,arctic,Kuparuk_River_0.56,13136.34602,NA,NA,NA,NA,NA,0,NA,3.626004075,991.0124963,740,1441,163.3896101,NA,0.4,0.4,0,0,0,0,20.2,0,0,0,71.7,2.2,0,4.8,0,0,0,0,0,0.3,NA,NA,NA,NA,NA,4.22,NA,NA,NA,NA,NA,NA,NA,NA,NA,NA,NA,NA,NA
lter,arctic,Kuparuk_River_0.74,13197.59574,NA,NA,NA,NA,NA,NA,NA,1.176670479,746.7332262,746.317627,746.9574585,152.6896258,NA,0,0,0,0,0,0,0,0,0,0,100,0,0,0,0,0,0,0,0,0,NA,NA,NA,NA,NA,6,NA,NA,NA,NA,NA,NA,NA,NA,NA,NA,NA,NA,NA
lter,arctic,Kuparuk_River_1,13270.37005,NA,NA,NA,NA,NA,0,NA,3.634454877,990.7831469,740,1441,162.7278895,NA,0.4,0.4,0,0,0,0,20.2,0,0,0,71.7,2.2,0,4.8,0,0,0,0,0,0.3,NA,NA,NA,NA,NA,4.17,NA,NA,NA,NA,NA,NA,NA,NA,NA,NA,NA,NA,NA
lter,arctic,Kuparuk_River_1.39,14504.24957,NA,NA,NA,NA,NA,0,NA,3.604221487,989.8564706,735,1425,162.490078,NA,0.4,0.4,0,0,0,0,20.1,0,0,0,71.8,2.2,0,4.8,0,0,0,0,0,0.3,NA,NA,NA,NA,NA,4.24,NA,NA,NA,NA,NA,NA,NA,NA,NA,NA,NA,NA,NA
lter,arctic,Kuparuk_River_1.5,14344.19378,NA,NA,NA,NA,NA,0,NA,3.497869893,980.137003,735,1425,154.9234216,NA,0.4,0.4,0,0.2,0,0,18.5,0,0,0,72.3,3.1,0,4.9,0,0,0,0,0,0.3,NA,NA,NA,NA,NA,4.41,NA,NA,NA,NA,NA,NA,NA,NA,NA,NA,NA,NA,NA
lter,arctic,Kuparuk_River_1.8,14490.64238,NA,NA,NA,NA,NA,0,NA,3.479565963,979.0492703,735,1425,155.9369344,NA,0.4,0.4,0,0.2,0,0,18.3,0,0,0,72.4,3.1,0,4.9,0,0,0,0,0,0.3,NA,NA,NA,NA,NA,4.47,NA,NA,NA,NA,NA,NA,NA,NA,NA,NA,NA,NA,NA
lter,arctic,Kuparuk_River_2,NA,NA,NA,NA,NA,NA,0,NA,3.496554131,979.9516478,731,1425,155.0494753,NA,0.4,0.4,0,0.2,0,0,18.5,0,0,0,72.3,3.1,0,4.9,0,0,0,0,0,0.3,NA,NA,NA,NA,NA,4.41,NA,NA,NA,NA,NA,NA,NA,NA,NA,NA,NA,NA,NA
lter,arctic,Kuparuk_River_2.5,14693.8177,NA,NA,NA,NA,NA,0,NA,3.584338694,988.5982743,731,1425,164.9418363,NA,0.4,0.4,0,0.1,0,0,20,0,0,0,71.8,2.3,0,4.7,0,0,0,0,0,0.3,NA,NA,NA,NA,NA,4.26,NA,NA,NA,NA,NA,NA,NA,NA,NA,NA,NA,NA,NA
lter,arctic,Kuparuk_River_3,14452.00097,NA,NA,NA,NA,NA,0,NA,3.457578014,976.3027815,730,1425,156.6116184,NA,0.4,0.4,0,0.3,0,0,18.1,0,0,0,72.5,3.2,0,4.8,0,0,0,0,0,0.3,NA,NA,NA,NA,NA,4.53,NA,NA,NA,NA,NA,NA,NA,NA,NA,NA,NA,NA,NA
lter,arctic,Kuparuk_River_4,14832.26483,NA,NA,NA,NA,NA,0,NA,3.45977566,974.9907505,726,1420,155.7976197,NA,0.4,0.4,0,0.3,0,0,18,0,0,0,72.5,3.3,0,4.8,0,0,0,0,0,0.3,NA,NA,NA,NA,NA,4.5,NA,NA,NA,NA,NA,NA,NA,NA,NA,NA,NA,NA,NA
lter,arctic,Kuparuk_River_4.1,14805.89421,NA,NA,NA,NA,NA,0,NA,3.448630503,974.4885707,726,1420,156.0548706,NA,0.4,0.4,0,0.3,0,0,17.9,0,0,0,72.5,3.4,0,4.8,0,0,0,0,0,0.3,NA,NA,NA,NA,NA,4.55,NA,NA,NA,NA,NA,NA,NA,NA,NA,NA,NA,NA,NA
lter,arctic,Oksrukuyik_Creek_-0.1,7011.034695,NA,NA,NA,NA,NA,0,NA,1.530624207,871.107545,771,1082,157.2197342,NA,3.9,0,0,0.5,0,0,2.4,0,0,0,67.2,3.7,0,21.7,0,0,0,0,0,0.7,NA,NA,NA,NA,NA,9.99,NA,NA,NA,NA,NA,NA,NA,NA,NA,NA,NA,NA,NA
lter,arctic,Oksrukuyik_Creek_-0.3,6120.840592,NA,NA,NA,NA,NA,0,NA,1.328698499,870.9769789,771,1082,149.1216657,NA,4.3,0,0,0.5,0,0,2.7,0,0,0,66.5,2.3,0,23,0,0,0,0,0,0.7,NA,NA,NA,NA,NA,11.1,NA,NA,NA,NA,NA,NA,NA,NA,NA,NA,NA,NA,NA
lter,arctic,Oksrukuyik_Creek_-0.7,5888.112619,NA,NA,NA,NA,NA,0,NA,1.328161758,873.8825057,772,1082,149.0455266,NA,4.4,0,0,0.3,0,0,2.9,0,0,0,66.5,2.3,0,22.9,0,0,0,0,0,0.8,NA,NA,NA,NA,NA,11.02,NA,NA,NA,NA,NA,NA,NA,NA,NA,NA,NA,NA,NA
lter,arctic,Oksrukuyik_Creek_-1.2,5790.809867,NA,NA,NA,NA,NA,0,NA,1.326159829,876.4996669,778,1103,148.8545664,NA,4.6,0,0,0.2,0,0,3.3,0,0,0,66.5,2.2,0,22.4,0,0,0,0,0,0.8,NA,NA,NA,NA,NA,10.97,NA,NA,NA,NA,NA,NA,NA,NA,NA,NA,NA,NA,NA
lter,arctic,Oksrukuyik_Creek_0.23,6910.884179,NA,NA,NA,NA,NA,0,NA,1.536172161,870.9006455,771,1082,157.3362537,NA,3.9,0,0,0.4,0,0,2.4,0,0,0,67.2,3.7,0,21.6,0,0,0,0,0,0.7,NA,NA,NA,NA,NA,9.95,NA,NA,NA,NA,NA,NA,NA,NA,NA,NA,NA,NA,NA
lter,arctic,Oksrukuyik_Creek_0.48,7125.107461,NA,NA,NA,NA,NA,0,NA,1.549623451,870.025931,770,1082,160.0923109,NA,3.8,0,0,0.4,0,0,2.4,0,0,0,67.2,3.8,0,21.7,0,0,0,0,0,0.6,NA,NA,NA,NA,NA,9.79,NA,NA,NA,NA,NA,NA,NA,NA,NA,NA,NA,NA,NA
lter,arctic,Oksrukuyik_Creek_1.06,7105.692949,NA,NA,NA,NA,NA,0,NA,1.551840453,869.6196874,760,1082,160.3166144,NA,3.8,0,0,0.5,0,0,2.3,0,0,0,67.3,3.8,0,21.7,0,0,0,0,0,0.6,NA,NA,NA,NA,NA,9.78,NA,NA,NA,NA,NA,NA,NA,NA,NA,NA,NA,NA,NA
lter,arctic,Oksrukuyik_Creek_1.37,7094.084828,NA,NA,NA,NA,NA,0,NA,1.550912822,868.9994549,760,1082,160.6231843,NA,3.8,0,0,0.4,0,0,2.3,0,0,0,67.3,3.8,0,21.7,0,0,0,0,0,0.6,NA,NA,NA,NA,NA,9.79,NA,NA,NA,NA,NA,NA,NA,NA,NA,NA,NA,NA,NA
lter,arctic,Oksrukuyik_Creek_1.7,7143.664432,NA,NA,NA,NA,NA,0,NA,1.555827779,868.003791,758,1082,161.5407619,NA,3.8,0,0,0.4,0,0,2.1,0,0,0,67.4,3.8,0,21.8,0,0,0,0,0,0.6,NA,NA,NA,NA,NA,9.77,NA,NA,NA,NA,NA,NA,NA,NA,NA,NA,NA,NA,NA
lter,arctic,Oksrukuyik_Creek_2.5,7292.258329,NA,NA,NA,NA,NA,0,NA,1.554502405,866.3315608,754,1082,162.6571978,NA,3.7,0,0,0.5,0,0,2.3,0,0,0,67.3,3.9,0,21.7,0,0,0,0,0,0.6,NA,NA,NA,NA,NA,9.71,NA,NA,NA,NA,NA,NA,NA,NA,NA,NA,NA,NA,NA
lter,arctic,Oksrukuyik_Creek_2.7,7345.071545,NA,NA,NA,NA,NA,0,NA,1.554687917,866.3275725,754,1082,162.6227274,NA,3.7,0,0,0.5,0,0,2.3,0,0,0,67.3,3.9,0,21.6,0,0,0,0,0,0.7,NA,NA,NA,NA,NA,9.71,NA,NA,NA,NA,NA,NA,NA,NA,NA,NA,NA,NA,NA
lter,arctic,Roche_Moutonnee_Creek_Main,8410.863364,NA,NA,NA,NA,NA,0,NA,14.18366907,1538.250995,831,2156,181.43498,NA,0,1.8,0,0,0,0,71.7,0,0,0,24.5,2,0,0,0,0,0,0,0,0,NA,NA,NA,NA,NA,0.77,NA,NA,NA,NA,NA,NA,NA,NA,NA,NA,NA,NA,NA
lter,arctic,Toolik_Inlet_Main,4821.119969,NA,NA,NA,NA,NA,0,NA,2.309815139,850.3348011,720,1100,235.632843,NA,2.1,0,0,1.8,0,0,0.9,0,0,0,78.6,6.2,0,10.1,0,0,0,0,0,0.3,NA,NA,NA,NA,NA,12.85,NA,NA,NA,NA,NA,NA,NA,NA,NA,NA,NA,NA,NA
lter,arctic,Trevor_Creek_Main,4310.745668,NA,NA,NA,NA,NA,0,NA,22.14115383,1599.837472,895,2240,200.2191196,NA,0,2.1,0,0,0,0,73.3,0,0,0,22.6,2,0,0,0,0,0,0,0,0,NA,NA,NA,NA,NA,0.46,NA,NA,NA,NA,NA,NA,NA,NA,NA,NA,NA,NA,NA
czo,boulder,GGL,272.7031065,548.6113246,5.298348426,128.5510077,354.5140982,228.8647337,9219.356328,5498.563239,13.13616267,2611.920274,2431.918945,2731.267822,148.1621167,67.92,0,0,0,0,0,0,0,0.9,91.4,0.1,0,7.1,0,0,0,0,0,0,0.5,0,3.29,66.73,20.86,12.41,6.45,0.87,NA,13.43,4.38,127.26,4.78,0.11,2.69,1.8,0.01,2.32,0.12,0.03,62.02
czo,boulder,GGU,91.46389789,630.391975,4.907166293,123.7769877,347.9082682,229.3622315,9235.354629,5531.216916,10.30601571,2677.325044,2579.505615,2731.206787,164.2468455,67.83,0,0,0,0,0,0,0,2.6,95.6,0.4,0,0.1,0,0,0,0,0,0,1.3,0,3.62,66.21,20.61,13.19,6.48,0.7,NA,13.39,4.44,125.85,4.83,0.12,2.64,1.82,0.01,2.28,0.12,0.03,61.79
czo,boulder,BC_SW_4,26425.17701,744.3592759,3.220965794,140.0182206,336.0013652,199.5346205,7923.166906,4864.042412,9.446797102,2895.171008,1813,3988,141.5893084,66.75,1,0.9,1.4,0.7,0.1,0,3.4,2,60.5,0.2,0,20,8,0,0,0,0,0,1.6,0.3,2.69,66.48,22.71,10.7,6.12,0.83,NA,14.22,3.26,138.62,4.46,0.08,3.35,1.39,0.09,2.95,0.13,0.04,65.87
czo,boulder,BC_SW_20,9522.978283,866.511162,2.355252222,147.3872341,335.3160376,187.7354927,7299.406915,4493.566256,11.3734099,3157.168746,2510,3975,140.1757091,65.75,0.6,0.9,1.7,0.9,0.3,0,4.8,2.9,49.8,0.3,0,24.1,11.9,0,0,0,0,0,1.6,0.3,2.86,65.93,24.4,9.67,5.92,0.64,NA,14.13,3.58,135.87,4.6,0.09,3.06,1.59,0.07,2.83,0.13,0.04,64.81
czo,catalina_jemez,RedondoMeadow,NA,690.1961506,5.774786441,141.6430017,338.5920463,195.9479247,11096.3589,6995.547848,20.11810119,2817.241042,2468.694824,3396.812256,233.96737,57.12,0,0,0,0,0,0,1.1,1.5,46.5,2,0,9.6,39.3,0,0,0,0,0,0,0,0.59,65.64,25.58,9.22,6.26,0.48,NA,14.57,2.16,41.52,4.46,0.23,3.86,0.86,0.04,3.77,0.13,0.02,68.76
czo,catalina_jemez,UpperRedondo,NA,660.9926251,5.255426746,124.5750639,348.2803058,226.3213111,10825.43844,6807.122396,14.07579066,2949.57677,2703.604004,3322.269287,254.688636,60,0,0,0,0,0,0,1,0.5,55.6,1.8,0,1,40.2,0,0,0,0,0,0,0,1.09,41.21,29.9,24.29,6.3,0.77,NA,14.67,2.26,128.59,4.36,0.07,3.83,0.9,0.04,3.81,0.13,0.02,68.6
czo,catalina_jemez,HistoryGrove,236.9738781,756.5000255,4.378211851,125.0561323,348.1413399,223.9356399,9411.593782,5859.084117,11.32339264,2943.109212,2683.530518,3169.976074,118.7402199,60.29,0,0,0,0,0,0,0,0,9.2,0.8,0,3.4,86.6,0,0,0,0,0,0,0,0.51,69.46,23.15,7.94,6.01,0.98,NA,14.67,2.26,30.37,4.36,0,3.83,0.9,0.04,3.81,0.13,0.02,68.6
czo,catalina_jemez,UpperJaramillo,786.5319887,668.2922246,4.476835711,124.7691413,351.079094,226.6114038,9707.181441,6119.890545,12.63904255,2899.847609,2719.084717,3322.239502,186.8042402,60.7,0,0,0,0,0,0,3.3,0.2,64.3,2.1,0,0.2,29.6,0,0,0,0,0,0.1,0.3,0.89,49.73,28.46,19.14,6.3,0.88,NA,14.78,3.27,83.31,5.27,0.05,3.41,1.85,0.03,3.7,0.16,0.02,65.75
czo,catalina_jemez,LowerJaramillo,2732.603988,649.591125,4.461730053,123.0438215,348.6273341,226.4656131,9205.886382,5690.949253,11.16105782,2805.764446,2623,3321,189.6772815,62.21,0,0,0,0,0,0,1,0.1,39.1,0.7,0,0.4,57.5,0,0,0,0,0,0,1.1,0.95,55.59,26.89,16.65,6.32,1.09,NA,14.11,2.12,124.64,5.74,1.48,3.67,1.15,0.06,3.38,0.13,0.02,67.33
czo,catalina_jemez,UpperLaJara,352.1680215,756.5000255,4.378211851,129.1688058,347.4054446,222.1854711,9690.015215,6124.25929,14.27979124,3125.447462,2772.309082,3435.178711,106.8493969,60,0,0,0,0,0,0,0.4,0,25.1,4.4,0,1.2,68.8,0,0,0,0,0,0,0,0.56,68.11,24.23,8.22,6.17,0.87,NA,14.67,2.26,30.37,4.36,0,3.83,0.9,0.04,3.81,0.13,0.02,68.6
czo,catalina_jemez,LowerLaJara,359.070863,756.5000255,4.378211851,129.1688058,347.4054446,222.1854711,9738.235848,6146.586543,14.2178668,3118.637552,2705.229004,3435.178711,106.4718167,60,0,0,0,0,0,0,0.3,0,26.8,4.4,0,1.2,67.4,0,0,0,0,0,0,0,0.56,68.1,24.21,8.26,6.18,0.89,NA,14.67,2.26,30.34,4.37,0.01,3.83,0.9,0.04,3.81,0.13,0.02,68.59
czo,catalina_jemez,LowerRedondo,1338.025968,690.1961506,5.774786441,129.1947267,346.4275972,220.0088234,11317.85483,7069.70342,17.1834818,2912.639098,2499.672363,3435.479492,238.1135436,59,0,0,0,0,0,0,1.6,1.5,60.2,1.9,0,4.9,29.8,0,0,0,0,0,0,0,0.76,53.59,27.04,16.64,6.29,0.84,NA,14.56,2.18,80.87,4.78,0.36,3.75,0.91,0.05,3.67,0.13,0.02,67.99
czo,catalina_jemez,MC_ FLUME,43.66789006,756.5000255,4.378211851,127.8487395,349.7759104,223.0133929,9280.238316,5840.069757,12.6409697,3079.647411,2986.438232,3305.513428,116.6371076,60,0,0,0,0,0,0,0,0,0.7,5.5,0,0,93.7,0,0,0,0,0,0,0,0.57,67.92,24.43,8.17,6.19,0.88,NA,14.67,2.26,30.37,4.36,0,3.83,0.9,0.04,3.81,0.13,0.02,68.6
czo,catalina_jemez,MarshallGulch,154.9809487,904.8343761,12.28676194,129.7025931,336.2232362,209.7858771,15974.65333,9090.10585,19.19400532,2427.712285,2281.634521,2626.531738,147.4941262,9,0,0,0,0,0,0,0,0,37.1,0,0,62.9,0,0,0,0,0,0,0,0,NA,NA,NA,NA,NA,1,NA,14.7,2.2,171.8,2.49,0,3.99,0.88,0.01,3.57,0.13,0.03,69.95
czo,catalina_jemez,Bigelow,3.333031059,NA,NA,127.8823529,330.7058824,203.375,17761.65288,9788.977826,10.27569848,2546.523417,2521.717285,2574.542725,158.450391,9,0,0,0,0,0,0,0,0,100,0,0,0,0,0,0,0,0,0,0,0,NA,NA,NA,NA,NA,1,NA,14.53,1.89,172.71,2.27,0,4.09,0.73,0.01,3.57,0.12,0.03,70.83
czo,catalina_jemez,OracleRidge,86.02613519,839.7848499,13.07078082,152.2042781,331.1418301,194.9587482,16095.20355,8970.64669,19.5492678,2265.237011,2051.536133,2467.627441,108.5066428,11,0,0,6.5,0.1,0,0,0,0,70.7,0,0,22.7,0,0,0,0,0,0,0,0,NA,NA,NA,NA,NA,0.59,NA,14.59,5.99,166.25,5.05,0.19,2.75,1.98,0.01,3.23,0.16,0.03,63.18
czo,catalina_jemez,UpperRedondo,NA,660.9926251,5.255426746,124.5750639,348.2803058,226.3213111,10825.43844,6807.122396,14.07579066,2949.57677,2703.604004,3322.269287,254.688636,60,0,0,0,0,0,0,1,0.5,55.6,1.8,0,1,40.2,0,0,0,0,0,0,0,1.09,41.21,29.9,24.29,6.3,0.77,NA,14.67,2.26,128.59,4.36,0.07,3.83,0.9,0.04,3.81,0.13,0.02,68.6
czo,catalina_jemez,FLUME_MCZOB,43.66789043,756.5000255,4.378211851,127.8487395,349.7759104,223.0133929,9280.063535,5840.070541,12.63978831,3079.690516,2986.438232,3305.513428,116.6379534,60,0,0,0,0,0,0,0,0,0.7,5.5,0,0,93.7,0,0,0,0,0,0,0,0.57,67.92,24.43,8.17,6.19,0.88,NA,14.67,2.26,30.37,4.36,0,3.83,0.9,0.04,3.81,0.13,0.02,68.6
czo,calhoun,weir_3,7.735312507,1158.73675,15.77648789,NA,NA,NA,16785.72166,7705.026734,9.124011205,160.5313186,138.3891907,171.0792694,231.4942167,53,0,0,0,0,0,0,0,63,13.7,23.3,0,0,0,0,0,0,0,0,0,0,0.94,63.98,18.18,17.85,6.08,1,NA,14.75,2,152.21,2.3,0.03,3.36,0.6,0.01,4.6,0.09,0,71.09
czo,calhoun,weir_4,5.90803089,NA,NA,121.5882353,320.0588235,202.375,16962.18165,7711.607286,8.543698803,161.6505541,139.8023224,172.9720154,196.6928773,53,0,0,0,0,0,0,0,70.8,5.2,24,0,0,0,0,0,0,0,0,0,0,0.86,62.66,18.19,19.15,6.16,1,NA,14.75,2,152.21,2.3,0.03,3.36,0.6,0.01,4.6,0.09,0,71.09
czo,calhoun,weir_2,7.312944906,1158.73675,15.77648789,116.1764706,321.4117647,205.1875,17267.33611,7432.992715,8.737533348,158.0326681,132.4084473,173.0097961,230.006866,53,0,0,0,0,0,0,0,30.1,50.5,19.4,0,0,0,0,0,0,0,0,0,0,0.77,61.24,18.2,20.57,6.24,1,NA,14.75,3.11,143.62,3.42,0.35,2.96,1.36,0.01,3.99,0.11,0,68.48
lter,luquillo,Q1,5.763329949,NA,NA,NA,NA,NA,NA,NA,21.19731404,329.1320169,248.9733734,413.7731628,280.5248845,NA,0,0,0,0,0,0,0,0,100,0,0,0,0,0,0,0,0,0,0,0,NA,NA,NA,NA,NA,1,NA,NA,NA,NA,NA,NA,NA,NA,NA,NA,NA,NA,NA
lter,luquillo,Q2,NA,NA,NA,NA,NA,NA,NA,NA,22.91277642,340.6433146,254.1024628,461.1806641,220.2471144,NA,0,0,0,0,0,0,0,0,100,0,0,0,0,0,0,0,0,0,0,0,NA,NA,NA,NA,NA,1,NA,NA,NA,NA,NA,NA,NA,NA,NA,NA,NA,NA,NA
lter,luquillo,Q3,NA,NA,NA,NA,NA,NA,NA,NA,20.45904275,458.5971065,256.7861023,663.2797241,161.0352297,NA,0,0,0,0,0,0,0,0,100,0,0,0,0,0,0,0,0,0,0,0,NA,NA,NA,NA,NA,1,NA,NA,NA,NA,NA,NA,NA,NA,NA,NA,NA,NA,NA
lter,luquillo,QG,144.1414882,NA,NA,NA,NA,NA,NA,NA,14.31341645,700.4116075,629.2106323,842.8573608,163.7713213,NA,0,0,0,0,0.4,0,0.3,0,99.3,0,0,0,0,0,0,0,0,0,0,0,NA,NA,NA,NA,NA,1,NA,NA,NA,NA,NA,NA,NA,NA,NA,NA,NA,NA,NA
lter,luquillo,QS,164.7950085,NA,NA,NA,NA,NA,NA,NA,17.73840572,709.9582447,331.6913452,1011.802002,228.0502702,NA,0,0,0,0,0,0,0,0,100,0,0,0,0,0,0,0,0,0,0,0,NA,NA,NA,NA,NA,1,NA,NA,NA,NA,NA,NA,NA,NA,NA,NA,NA,NA,NA
lter,luquillo,RI,336.2899385,NA,NA,NA,NA,NA,NA,NA,14.35068523,687.1344675,617.3637695,845.6185303,170.6276131,NA,0,0,0,0,0.2,0,0.1,0,99.6,0,0,0,0.1,0,0,0,0,0,0,0,NA,NA,NA,NA,NA,1,NA,NA,NA,NA,NA,NA,NA,NA,NA,NA,NA,NA,NA
lter,luquillo,MPR,1783.390894,NA,NA,NA,NA,NA,0,NA,21.97797386,511.6820671,84.33466339,1053.670654,164.3122728,NA,0,0,0,0,0,0,0,0,99.8,0,0,0,0.1,0,0,0,0,0,0,0,NA,NA,NA,NA,NA,1,NA,NA,NA,NA,NA,NA,NA,NA,NA,NA,NA,NA,NA
usfs,fernow,WS-5,35.82547766,1357.535351,9.74181951,125.8487395,315.1680672,188.6696429,15347.10489,7968.4846,14.91661644,782.7652805,720.9899292,837.208374,189.5265948,34,0,0,2.9,0,0,0,0,97.1,0,0,0,0,0,0,0,0,0,0,0,0,1.03,23.98,54.25,21.73,5.25,1,NA,8.74,1.99,78.4,2.76,0.17,1.76,1.44,0.04,0.69,0.19,0.29,68.45
usfs,fernow,WS-4,36.90364511,NA,NA,NA,NA,NA,15889.18379,7953.4,16.07409127,753.5158322,737.8132324,765.1456299,168.8529676,34,0,0,0,0,0,0,0,100,0,0,0,0,0,0,0,0,0,0,0,0,NA,NA,NA,NA,NA,1,NA,8.74,1.99,78.4,2.76,0.17,1.76,1.44,0.04,0.69,0.19,0.29,68.45
usfs,fernow,WS-2,15.78417268,1357.535351,9.74181951,126.4705882,319.0882353,187.5625,15511.71227,7850.643049,14.4490766,773.2593973,703.8898926,816.6772461,173.8224215,34.66,0,0,0,0,0,0,0,100,0,0,0,0,0,0,0,0,0,0,0,0,0.93,23.54,54.69,21.76,5.29,1,NA,8.74,1.99,78.4,2.76,0.17,1.76,1.44,0.04,0.69,0.19,0.29,68.45
usfs,fernow,WS-3,35.232173,1357.535351,9.74181951,125.745098,321.0980392,193.4583333,15443.53807,7894.801172,11.33851654,804.6674028,727.8964844,865.2232666,165.2462338,34.83,0,0,3,0,0,0,0,97,0,0,0,0,0,0,0,0,0,0,0,0,0.98,26.12,53.3,20.58,5.22,1,NA,8.74,1.99,78.4,2.76,0.17,1.76,1.44,0.04,0.69,0.19,0.29,68.45
usfs,fernow,WS-10,15.78239413,1357.535351,9.74181951,128.4411765,325.1764706,189.84375,15608.11051,7866.300594,15.08583313,766.6690107,706.1118164,803.8638916,197.3863663,34.76,0,0,0,0,0,0,0,100,0,0,0,0,0,0,0,0,0,0,0,0,0.93,23.13,54.91,21.95,5.3,1,NA,8.74,1.99,78.4,2.76,0.17,1.76,1.44,0.04,0.69,0.19,0.29,68.45
usfs,fernow,WS-1,29.86183301,1357.535351,9.74181951,122.6470588,321.4411765,194.328125,15659.31175,8092.838868,19.77221483,741.3580218,634.9691772,802.3963623,147.9382942,35,0,0,0,0,0,0,0,100,0,0,0,0,0,0,0,0,0,0,0,0,0.93,23.13,54.91,21.95,5.3,1,NA,8.74,1.99,78.4,2.76,0.17,1.76,1.44,0.04,0.69,0.19,0.29,68.45
usfs,fernow,WS-13,14.08982555,1357.535351,9.74181951,NA,NA,NA,15567.22454,7988.485714,17.02268467,758.4513571,712.987854,789.8959351,277.3625139,35,0,0,0,0,0,0,0,100,0,0,0,0,0,0,0,0,0,0,0,0,0.93,23.13,54.91,21.95,5.3,1,NA,8.74,1.99,78.4,2.76,0.17,1.76,1.44,0.04,0.69,0.19,0.29,68.45
usfs,fernow,WS-7,26.01708859,1357.535351,9.74181951,120.25,321.4558824,201.203125,15548.38519,7875.533076,11.88658288,797.776773,713.1253662,854.255188,118.5839301,35,0,0,6.2,0,0,0,0,91.5,0,2.3,0,0,0,0,0,0,0,0,0,0,1.13,33.48,49.33,17.19,5.03,1,NA,8.74,1.98,78.38,2.76,0.17,1.76,1.44,0.04,0.69,0.19,0.29,68.46
usfs,fernow,WS-6,22.40350657,1357.535351,9.74181951,121.3921569,313.372549,189.4166667,16680.85008,7126.557757,11.49400823,781.7102973,712.9833374,831.8256836,185.5745157,35,0,0,0,0,0,0,0,11.9,12.6,75.5,0,0,0,0,0,0,0,0,0,0,2.96,14.74,54.02,28.89,5.29,1,NA,8.74,1.99,78.4,2.76,0.17,1.76,1.44,0.04,0.69,0.19,0.29,68.45
usfs,fernow,WS-14,130.8788507,1357.535351,9.74181951,119.789916,316.2577031,195.1994048,15418.88994,7823.715434,16.449216,764.0065541,608.1460571,867.0906982,150.8997759,35,0,0,2.7,0,0,0,0,78.7,2.2,16.4,0,0,0,0,0,0,0,0,0,0,1.41,25.67,52.46,21.41,5.19,1,NA,8.74,1.98,78.38,2.76,0.17,1.76,1.44,0.04,0.69,0.19,0.29,68.46
doe,east_river,PH,8495.101505,1251.003512,1.16134703,150.1326878,333.4151645,182.665876,5270.30605,3152.200152,14.40548252,3353.16587,2766,4025,173.8804797,68.08,0.1,0.7,0.9,0,0,0,12.9,10.2,23.3,1,0,38.3,6.5,0,0,0,0,0,3.8,2.1,NA,NA,NA,NA,NA,0.48,NA,9.58,7.37,91.66,3.89,0.17,2,2.11,0.09,1.58,0.27,0.24,59.17
doe,east_river,EBC,6992.174484,1335.631887,0.293464199,153.1787605,332.7797176,178.9133578,4934.94531,2997.951089,14.89865932,3428.307309,2888,4025,181.705601,67.92,0.1,0.9,0.5,0,0,0,15.7,6.3,25.3,0.4,0,37.9,7.4,0,0,0,0,0,3.6,1.9,NA,NA,NA,NA,NA,0.45,NA,10.2,6.83,92.97,4.12,0.16,2.12,2.08,0.11,1.7,0.25,0.22,59.84
doe,east_river,Copper,2366.85643,1574.519598,-0.602948266,153.2899731,333.7727182,179.6796354,4047.643882,2473.241424,24.51319175,3528.3755,2881.125244,4121.65918,199.3044212,67.81,0.1,2.4,0,0,0,0,27.3,2.2,19.4,0.1,0,39.6,5.4,0,0,0,0,0,2.1,1.2,NA,NA,NA,NA,NA,0.29,NA,13.65,4.8,121.44,5.28,0.15,2.8,2.37,0.04,2.83,0.22,0.09,61.5
doe,east_river,Benthette,17.68722131,NA,NA,159.7794118,334.7647059,175.171875,6906.399695,4396.299785,24.51288548,3069.348865,2905.255371,3540.59375,84.65674752,69,0,0,0,0,0,0,0,43,13.9,1.2,0,39.3,2.5,0,0,0,0,0,0,0,NA,NA,NA,NA,NA,0.78,NA,5.43,10.55,78.57,2.26,0.22,1.2,2.11,0.04,0.65,0.36,0.35,55.58
doe,east_river,Avery,59.76165812,1221.181662,1.245213992,131.1016043,330.6666667,200.7840909,4574.534937,2877.598329,27.75739122,3388.979338,2925.320313,3842.36792,242.8807546,68,0,0,0.4,0,0,0,5.1,13.2,30.9,0.1,0,41.5,7.7,0,0,0,0,0,0.4,0.8,NA,NA,NA,NA,NA,0.59,NA,8.82,8.3,68.75,3.13,0.11,1.85,1.65,0.17,0.7,0.2,0.43,58.11
doe,east_river,Marmot,37.7360672,1201.336975,1.25475484,134.3921569,331.872549,199.5833333,7221.598902,4612.014427,18.12469226,3152.149727,2962.428467,3515.087158,232.3160769,68,0,0,0,0,0,0,0,33.5,52.6,1,0,12.2,0.4,0,0,0,0,0,0.2,0,NA,NA,NA,NA,NA,1,NA,7.48,9.2,58.05,3.65,0.17,1.5,1.94,0.25,0.78,0.28,0.36,56.64
doe,east_river,Gothic,89.66945441,1033.3493,1.717995553,153.8571429,334.707563,181.4241071,6966.728822,4219.062701,20.25622598,3377.789186,2933.641602,3808.749512,165.0766957,68.4,0,0,0,0,0,0,7.1,1.3,61.3,0,0,18.5,7.6,0,0,0,0,0,4.2,0,NA,NA,NA,NA,NA,0.36,NA,13.75,6.07,125.74,5.77,0.2,2.7,2.76,0.02,3.25,0.27,0.08,58.72
doe,east_river,Rock,357.0097498,1190.737349,1.245791054,162.158215,333.5942303,168.5765086,6023.347809,3752.904403,15.53536398,3375.599584,2935.343506,3867.668457,119.4886051,68.13,0,0,0,0,0,0,2,1.6,54.3,0.1,0,34.9,5.4,0,0,0,0,0,0.6,1.1,NA,NA,NA,NA,NA,0.6,NA,9.46,8.38,101.4,3.96,0.21,1.93,2.42,0.03,1.91,0.32,0.22,57.1
doe,east_river,Bradley,382.3000571,1576.691722,-0.617144678,142.9813725,331.496732,188.5052083,5686.473581,3453.11087,21.71136878,3503.423898,2934.444092,4042.269287,242.0280613,68,0,0.1,0,0,0,0,26.9,2,34.6,0,0,27.6,6.7,0,0,0,0,0,2,0.2,NA,NA,NA,NA,NA,0.42,NA,9.1,5.7,74.45,3.13,0.08,2.07,1.42,0.17,0.71,0.18,0.28,62.95
doe,east_river,Rustlers,1478.480504,1483.7597,-0.7571135,158.1519741,330.0763491,170.5860356,4023.506957,2428.564632,22.24902941,3490.339446,2951.334229,4074.69458,196.5001327,67.81,0,0.3,0,0,0,0,14.5,1.3,19.3,0,0,41.5,14.1,0,0,0,0,0,4.4,4.5,NA,NA,NA,NA,NA,0.42,NA,9.07,7.39,63.13,4.14,0.13,1.87,1.78,0.28,1.02,0.23,0.29,59.29
doe,east_river,EAQ,525.1547103,1275.233849,0.294799099,157.1661765,332.7811065,174.8679688,5044.206376,3079.198579,24.11289707,3349.424946,2995.661865,3896.149414,127.6523151,67.43,0.8,0,2.5,0.3,0.1,0,7.4,13.2,21.8,0.5,0,42.1,4.4,0,0,0,0,0,5.1,1.8,NA,NA,NA,NA,NA,0.5,NA,5.52,9.01,78.88,2.19,0.26,1.25,1.88,0.03,0.57,0.32,0.38,59.39
doe,east_river,Quigley,255.0334479,1275.233849,0.294799099,165.4268477,333.1770833,165.8189103,5644.107464,3480.493799,21.88899952,3380.636981,2988.863525,3904.748047,85.40411615,68,0,0,0,0,0,0,5.5,2.2,41.7,0,0,41.4,5.5,0,0,0,0,0,3.2,0.4,NA,NA,NA,NA,NA,0.67,NA,6.07,10.21,82.15,2.53,0.22,1.32,2.16,0.03,0.85,0.35,0.33,55.82
doe,east_river,WG,1720.920273,993.989525,1.822283994,141.3607843,335.8951499,194.2814815,6786.873224,4341.772143,16.3199938,3164.200165,2890.376221,3847.26123,170.7972592,69.12,0,0,0,0,0,0,1,16.8,38.4,4.5,0,33.2,3.4,0,0,0,0,0,1.9,0.8,NA,NA,NA,NA,NA,0.52,NA,7.57,8.73,90.08,3.14,0.22,1.59,2.2,0.05,1.29,0.32,0.3,56.55
doe,east_river,OBJ,2905.955752,1065.132399,1.395948952,158.1417055,333.9467386,174.5884581,4754.620337,2928.436773,23.14925654,3311.67502,2731,3878,155.4343246,69.19,0.1,0,0,0,0,0,4.1,6.2,31.8,0.7,0,48.1,4,0,0,0,0,0,2.2,2.8,0.8,NA,NA,11.48,NA,0.42,NA,6.17,7.07,68.79,2.16,0.22,1.36,1.74,0.2,0.52,0.2,0.53,54.9
usgs,usgs,black_earth_creek,3289.525328,945.0484247,7.993173843,111.6470588,336.1764706,223.625,13561.02567,7408.394308,5.882161631,311.7481767,264,376,194.6826792,59.56,1.2,0,4.7,4,1.1,0.7,0.4,30.2,0.8,8.6,0,0.6,0.4,0,0,0,20,25.3,0.4,1.4,2.1,34.86,42.69,20.93,6.83,4.94,NA,4.17,15.39,106.35,1.67,0.19,0.94,9.89,0.06,0.38,0.11,0.16,38.73
usfs,krew,P300,460.9889167,998.3190003,9.466209495,101.1058015,273.2750775,225.7330158,16461.84693,9275.646778,12.7169067,1884.589318,1682.817993,2114.953369,219.7922162,59.62,0,0,0,0,0,0,0,0,95.6,0.1,0,4.1,0.1,0,0,0,0,0,0.1,0,0.98,67.46,23.22,9.33,5.93,1,NA,15.65,3.89,152.71,3.8,0.02,3.05,1.78,0.01,3.62,0.17,0.03,65.06
usfs,krew,P301,99.15649781,952.2001748,11.28806153,101.9883607,269.2367569,220.1875834,15418.1129,8819.064399,11.27812975,1978.299077,1792.235229,2115.122803,208.5458951,57.73,0,0,0,0,0,0,0,0,92.1,0,0,6.9,0.5,0,0,0,0,0,0.4,0,1.12,74.38,19.47,6.15,5.69,1,NA,15.65,3.89,152.71,3.8,0.02,3.05,1.78,0.01,3.62,0.17,0.03,65.06
usfs,krew,P303,132.3231252,998.3190003,9.466209495,118.4532601,294.4551513,220.0941839,16731.74898,9403.964041,12.31359786,1902.001071,1726.590454,2025.606812,231.7049149,61.54,0,0,0,0,0,0,0,0,96.8,0,0,3.2,0,0,0,0,0,0,0,0,0.93,70.47,21.34,8.19,5.91,1,NA,15.65,3.89,152.71,3.8,0.02,3.05,1.78,0.01,3.62,0.17,0.03,65.06
usfs,krew,P304,48.73167881,998.3190003,9.466209495,79.91365546,252.0313025,232.1720238,16244.37938,9142.288541,13.28523374,1898.379655,1766.103149,1980.891968,244.7144263,61.61,0,0,0,0,0,0,0,0,97.1,0,0,2.9,0,0,0,0,0,0,0,0,0.85,69.53,21.94,8.53,5.98,1,NA,15.65,3.89,152.71,3.8,0.02,3.05,1.78,0.01,3.62,0.17,0.03,65.06
usfs,krew,D102,120.7592428,998.3190003,9.466209495,91.37005098,274.1045538,220.5455304,17202.72188,9603.359313,16.1926337,1779.357155,1487.522095,1980.934204,244.7778351,61.43,0,0,0,0,0,0,0,0,97.7,0,0,1.9,0.4,0,0,0,0,0,0,0,0.95,64.92,24.42,10.66,5.99,1,NA,15.65,3.89,152.71,3.8,0.02,3.05,1.78,0.01,3.62,0.17,0.03,65.06
usfs,krew,B200,473.9468516,1078.63235,8.933971897,117.7939844,304.2480032,224.0284995,12227.02584,7423.270755,10.45822723,2321.868433,2121.497559,2490.009033,228.5750878,71.15,0,0,0,0,0,0,0,0.1,95.6,0,0,4.3,0,0,0,0,0,0,0,0,1.19,77.88,18.43,3.69,5.58,0.94,NA,12.72,2.75,127.31,5.09,0.13,2.52,2.1,0.03,1.81,0.13,0.04,64.38
usfs,krew,B201,52.97818822,1078.63235,8.933971897,115.4994865,266.7974556,234.9583085,13540.25735,8099.991304,10.79968482,2256.634794,2150.527832,2381.970947,227.1806782,71,0,0,0,0,0,0,0,0,96.5,0,0,3.5,0,0,0,0,0,0,0,0,1.21,75.2,18.85,5.95,5.61,1,NA,12.72,2.75,127.31,5.09,0.13,2.52,2.1,0.03,1.81,0.13,0.04,64.38
usfs,krew,B203,138.3556219,1078.63235,8.933971897,116.9197599,317.9527722,229.6384894,11514.54802,7090.916884,10.63196177,2374.868665,2186.124023,2490.005371,230.5759674,71.26,0,0,0,0,0,0,0,0,93.3,0,0,6.7,0,0,0,0,0,0,0,0,1.19,78.99,18,3.01,5.55,1,NA,12.72,2.75,127.31,5.09,0.13,2.52,2.1,0.03,1.81,0.13,0.04,64.38
usfs,krew,B204,166.9147519,1078.63235,8.933971897,120.0747207,307.2924955,220.8945665,11734.88607,7176.460477,10.34152069,2366.05146,2195.367432,2489.878906,229.615413,71.2,0,0,0,0,0,0,0,0.2,95.2,0,0,4.6,0,0,0,0,0,0,0,0,1.19,77.75,18.63,3.62,5.59,0.84,NA,12.72,2.75,127.31,5.09,0.13,2.52,2.1,0.03,1.81,0.13,0.04,64.38
usfs,krew,T003,227.7288606,1167.026226,7.693627145,129.6866633,348.0398036,236.6047662,14295.72852,8335.543414,14.00780081,2289.862392,2048.671875,2465.341064,143.8250122,72.66,0,0,0,0,0,0,0,0,98.2,0,0,1.8,0,0,0,0,0,0,0,0,1.19,77.51,18.75,3.74,5.6,1,NA,13.33,2.99,132.57,4.82,0.11,2.63,2.03,0.03,2.19,0.13,0.04,64.52
usfs,suef,GSCC01,79.17938922,1165.268925,11.05107681,139.7647059,320.1176471,202.75,18665.27485,8098.033341,11.53773124,897.4065262,754.9699097,1053.696411,109.2948659,56.24,0,0,0,0,0,0,0,0,99.1,0.1,0,0.8,0,0,0,0,0,0,0,0,NA,NA,NA,NA,NA,1,NA,11.44,4.19,64.42,5.01,0.02,1.84,2.76,0.07,1.66,0.25,0.21,60.94
usfs,suef,GSCC02,77.00945016,1165.268925,11.05107681,139.4117647,335.2352941,212.8125,18909.0209,8045.95173,11.59044581,883.9237753,755.3337402,1025.491699,98.46236771,59.5,0,0,0,0,0,0,0,0,100,0,0,0,0,0,0,0,0,0,0,0,NA,NA,NA,NA,NA,1,NA,11.44,4.19,64.42,5.01,0.02,1.84,2.76,0.07,1.66,0.25,0.21,60.94
usfs,suef,GSCC03,47.18627131,1065.605925,11.27443906,143.7647059,339.5882353,202.8125,18783.0133,7911.599791,13.15870092,832.612586,730.3396606,943.2200928,180.4080977,60.14,0,0,0,0,0,0,0,0,99.7,0,0,0.3,0,0,0,0,0,0,0,0,NA,NA,NA,NA,NA,1,NA,11.44,4.19,64.42,5.01,0.02,1.84,2.76,0.07,1.66,0.25,0.21,60.94
usfs,suef,GSCC04,44.35259879,1065.605925,11.27443906,133.7647059,NA,218.75,18209.98992,7993.23461,14.59923172,836.5478908,730.1310425,930.7511597,194.8288655,60.37,0,0,0,0,0,0,0,0,97.7,0,0,2.3,0,0,0,0,0,0,0,0,NA,NA,NA,NA,NA,1,NA,11.44,4.19,64.42,5.01,0.02,1.84,2.76,0.07,1.66,0.25,0.21,60.94
usfs,santee,WS77,NA,NA,NA,NA,NA,NA,NA,NA,NA,NA,NA,NA,NA,NA,NA,NA,NA,NA,NA,NA,NA,NA,NA,NA,NA,NA,NA,NA,NA,NA,NA,NA,NA,NA,NA,NA,NA,NA,NA,NA,NA,NA,NA,NA,NA,NA,NA,NA,NA,NA,NA,NA,NA
krycklan,krycklan,Site1,47.87544457,NA,NA,NA,NA,NA,NA,NA,6.965228864,313.9860915,260.0484924,355.3234558,180.8693761,NA,NA,NA,NA,NA,NA,NA,NA,NA,NA,NA,NA,NA,NA,NA,NA,NA,NA,NA,NA,NA,NA,NA,NA,NA,NA,4.65,NA,NA,NA,NA,NA,NA,NA,NA,NA,NA,NA,NA,NA
krycklan,krycklan,Site2,11.87412942,NA,NA,NA,NA,NA,NA,NA,6.587242262,312.4729737,282.2238464,342.1017151,158.1428924,NA,NA,NA,NA,NA,NA,NA,NA,NA,NA,NA,NA,NA,NA,NA,NA,NA,NA,NA,NA,NA,NA,NA,NA,NA,NA,1,NA,NA,NA,NA,NA,NA,NA,NA,NA,NA,NA,NA,NA
krycklan,krycklan,Site4,17.74877204,NA,NA,NA,NA,NA,NA,NA,8.440823289,317.7274527,302.5432434,343.1539917,161.1852557,NA,NA,NA,NA,NA,NA,NA,NA,NA,NA,NA,NA,NA,NA,NA,NA,NA,NA,NA,NA,NA,NA,NA,NA,NA,NA,1,NA,NA,NA,NA,NA,NA,NA,NA,NA,NA,NA,NA,NA
krycklan,krycklan,Site5,65.31067083,NA,NA,NA,NA,NA,NA,NA,7.823840242,322.3663278,300.3425903,357.6310425,174.3881289,NA,NA,NA,NA,NA,NA,NA,NA,NA,NA,NA,NA,NA,NA,NA,NA,NA,NA,NA,NA,NA,NA,NA,NA,NA,NA,1.93,NA,NA,NA,NA,NA,NA,NA,NA,NA,NA,NA,NA,NA
krycklan,krycklan,Site6,109.6826666,NA,NA,NA,NA,NA,NA,NA,8.145741644,314.5104433,261.5031738,357.6230469,175.3082105,NA,NA,NA,NA,NA,NA,NA,NA,NA,NA,NA,NA,NA,NA,NA,NA,NA,NA,NA,NA,NA,NA,NA,NA,NA,NA,1.55,NA,NA,NA,NA,NA,NA,NA,NA,NA,NA,NA,NA,NA
krycklan,krycklan,Site7,46.69722847,NA,NA,NA,NA,NA,NA,NA,7.574517503,309.6696045,273.3647156,343.1633911,164.4918469,NA,NA,NA,NA,NA,NA,NA,NA,NA,NA,NA,NA,NA,NA,NA,NA,NA,NA,NA,NA,NA,NA,NA,NA,NA,NA,1,NA,NA,NA,NA,NA,NA,NA,NA,NA,NA,NA,NA,NA
krycklan,krycklan,Site9,287.7987817,NA,NA,NA,NA,NA,NA,NA,7.511942136,285.936754,212.4487,357.6020508,171.0257166,NA,NA,NA,NA,NA,NA,NA,NA,NA,NA,NA,NA,NA,NA,NA,NA,NA,NA,NA,NA,NA,NA,NA,NA,NA,NA,1.2,NA,NA,NA,NA,NA,NA,NA,NA,NA,NA,NA,NA,NA
krycklan,krycklan,Site10,335.3401341,NA,NA,NA,NA,NA,NA,NA,8.675330042,328.113056,279.6524963,383.5905151,168.8099274,NA,NA,NA,NA,NA,NA,NA,NA,NA,NA,NA,NA,NA,NA,NA,NA,NA,NA,NA,NA,NA,NA,NA,NA,NA,NA,9.02,NA,NA,NA,NA,NA,NA,NA,NA,NA,NA,NA,NA,NA
krycklan,krycklan,Site12,543.4369981,NA,NA,NA,NA,NA,NA,NA,8.128113713,310.3842533,205.2095032,383.5825195,171.4650112,NA,NA,NA,NA,NA,NA,NA,NA,NA,NA,NA,NA,NA,NA,NA,NA,NA,NA,NA,NA,NA,NA,NA,NA,NA,NA,6.28,NA,NA,NA,NA,NA,NA,NA,NA,NA,NA,NA,NA,NA
krycklan,krycklan,Site13,411.5454886,NA,NA,NA,NA,NA,NA,NA,7.935387862,284.644779,195.2661591,374.7330933,162.4284697,NA,NA,NA,NA,NA,NA,NA,NA,NA,NA,NA,NA,NA,NA,NA,NA,NA,NA,NA,NA,NA,NA,NA,NA,NA,NA,2.33,NA,NA,NA,NA,NA,NA,NA,NA,NA,NA,NA,NA,NA
krycklan,krycklan,Site14,1409.011559,NA,NA,NA,NA,NA,0,NA,8.499041618,259.3908145,161.0430298,391.3724976,175.6728827,NA,NA,NA,NA,NA,NA,NA,NA,NA,NA,NA,NA,NA,NA,NA,NA,NA,NA,NA,NA,NA,NA,NA,NA,NA,NA,2.38,NA,NA,NA,NA,NA,NA,NA,NA,NA,NA,NA,NA,NA
krycklan,krycklan,Site15,1910.737055,NA,NA,NA,NA,NA,0,NA,7.958933848,307.7083698,205.3054047,399.0185852,180.0732577,NA,NA,NA,NA,NA,NA,NA,NA,NA,NA,NA,NA,NA,NA,NA,NA,NA,NA,NA,NA,NA,NA,NA,NA,NA,NA,5.43,NA,NA,NA,NA,NA,NA,NA,NA,NA,NA,NA,NA,NA
krycklan,krycklan,Site16,6783.687064,NA,NA,NA,NA,NA,0,NA,2.423234353,240.6895075,129,369,167.7012636,NA,NA,NA,NA,NA,NA,NA,NA,NA,NA,NA,NA,NA,NA,NA,NA,NA,NA,NA,NA,NA,NA,NA,NA,NA,NA,3.48,NA,NA,NA,NA,NA,NA,NA,NA,NA,NA,NA,NA,NA
walker_branch,walker_branch,east_fork,61.37162086,1403.705601,14.60461505,106.5294118,315.2352941,208.8125,17179.93347,7981.819391,11.53938715,318.6381901,267.0687561,361.4230957,199.6480991,41,0,0,0,0,0,0,0,99.7,0,0,0,0,0,0,0,0,0.3,0,0,0,0.35,17.35,34.74,47.91,5,1,NA,3.47,25.71,121.12,1.44,0.1,1.41,5.23,0.06,0.2,0.08,0.04,33.13
walker_branch,walker_branch,west_fork,38.36784949,1403.705601,14.60461505,105.7058824,316.0588235,210.8125,17280.43435,8006.636418,12.14955039,314.9828012,266.762146,348.2183533,160.6746915,41,0,0,0,0,0,0,0,100,0,0,0,0,0,0,0,0,0,0,0,0,0.34,16.5,35.41,48.09,5.01,1,NA,3.83,25.83,116.03,1.52,0.11,1.56,4.05,0.05,0.2,0.08,0.04,34.55
czo,shale_hills,GRO,136.7280579,1014.339575,9.946038738,125.3375959,314.0756801,187.4980237,14587.14134,7810.945628,11.32222845,554.9027179,457.631897,650.5362549,224.3804691,56.11,0,0,4.2,0,0,0,0,90.8,2.8,2.2,0,0,0,0,0,0,0,0,0,0,0.68,46.4,34.33,18.8,4.81,1,NA,9.72,0.96,146.96,3.51,0.1,1.88,1.24,0.03,0.79,0.13,0.16,72.31
czo,shale_hills,SCAL,1547.589377,1041.849849,9.308044131,126.2960542,312.0710926,184.7528292,14535.53707,7752.174672,9.700266242,446.6574009,264.3156433,649.2876587,189.8576822,56.46,0,0,3.8,0.1,0,0,0.4,81.2,4.9,6.6,0,1.7,0.6,0,0,0,0.1,0.5,0.1,0,1.48,48.44,33.78,16.91,4.76,0.94,NA,8.8,4.4,123.41,3.15,0.12,1.72,1.46,0.03,0.73,0.15,0.21,66.44
czo,shale_hills,SCO,12347.50246,1013.705087,9.899390311,120.1474964,321.6220551,200.808566,14419.46483,7584.502428,4.711032879,353.4888889,213,691,196.2244137,53.47,0.3,0,4.4,0.3,0,0,0.1,61,5.7,8.3,0,0.3,0.3,0,0,0,9.3,9.7,0.2,0.1,1.14,33.57,41.56,24.34,5.34,1.1,NA,7.04,12.69,97.62,2.64,0.1,1.42,2.52,0.04,0.62,0.2,0.28,51.63
czo,shale_hills,SH_weir,6.943077129,NA,NA,125.4705882,306.5294118,177.875,14594.80726,7663.706791,16.20430459,295.4773293,270.6334229,324.5123291,270.1571577,55,0,0,0,0,0,0,0,98,0,2,0,0,0,0,0,0,0,0,0,0,2.29,26.91,52.8,18.91,4.9,NA,NA,7.28,8.87,80.4,2.48,0.19,1.44,1.45,0.03,0.64,0.19,0.31,59.56